barcode,T,keeper,rank,twinkle
AAACCTGAGCGTTGCC-1,◯,,10,33
AAACCTGAGTACACCT-1,◯,,10,33
AAACCTGCAATGAAAC-1,◯,,10,33
AAACCTGCATCGTCGG-1,◯,,10,33
AAACCTGGTGGTCTCG-1,◯,,10,33
AAACCTGTCACCACCT-1,◯,,10,33
AAACGGGAGAAACGCC-1,◯,,10,33
AAACGGGGTACGCTGC-1,◯,,10,33
AAACGGGGTCTCGTTC-1,◯,,10,33
AAACGGGGTTCGGGCT-1,◯,,10,33
AAACGGGGTTTGCATG-1,◯,,10,33
AAACGGGTCATCTGTT-1,◯,,10,33
AAACGGGTCTGCCAGG-1,◯,,10,33
AAAGATGCAATAGCAA-1,◯,,10,33
AAAGATGCAGGAACGT-1,◯,,10,33
AAAGATGGTACTCTCC-1,◯,,10,33
AAAGATGGTAGAGTGC-1,◯,,10,33
AAAGATGGTCGGCTCA-1,◯,,10,33
AAAGATGTCCTGCAGG-1,◯,,10,33
AAAGCAAAGATCCCAT-1,◯,,10,33
AAAGCAACATGTTCCC-1,◯,,10,33
AAAGCAATCCTGCAGG-1,◯,,10,33
AAAGTAGAGACCTAGG-1,◯,,10,33
AAAGTAGAGCAGATCG-1,◯,,10,33
AAAGTAGAGCTAACAA-1,◯,,10,33
AAAGTAGAGGCGCTCT-1,◯,,10,33
AAAGTAGCAAGTTCTG-1,◯,,10,33
AAAGTAGCACGAAGCA-1,◯,,10,33
AAAGTAGCATGCAACT-1,◯,,10,33
AAAGTAGCATTTCAGG-1,◯,,10,33
AAAGTAGGTAAACCTC-1,◯,,10,33
AAAGTAGGTGCGCTTG-1,◯,,10,33
AAAGTAGTCGGCCGAT-1,◯,,10,33
AAATGCCAGGTAGCTG-1,◯,,10,33
AAATGCCCAATGGAGC-1,◯,,10,33
AAATGCCCAGGGTATG-1,◯,,10,33
AAATGCCCATAGTAAG-1,◯,,10,33
AAATGCCGTCATGCAT-1,◯,,10,33
AAATGCCGTCGCGAAA-1,◯,,10,33
AAATGCCGTTGCCTCT-1,◯,,10,33
AAATGCCTCATGTGGT-1,◯,,10,33
AAATGCCTCGCCTGTT-1,◯,,10,33
AACACGTAGATGAGAG-1,◯,,10,33
AACACGTCAACAACCT-1,◯,,10,33
AACACGTCAGGTCCAC-1,◯,,10,33
AACACGTCAGTGGAGT-1,◯,,10,33
AACACGTGTAAGAGGA-1,◯,,10,33
AACACGTGTTCGTGAT-1,◯,,10,33
AACACGTGTTCGTTGA-1,◯,,10,33
AACACGTTCTGTTGAG-1,◯,,10,33
AACCATGAGTTTCCTT-1,◯,,10,33
AACCATGCACCCTATC-1,◯,,10,33
AACCATGTCACTATTC-1,◯,,10,33
AACCATGTCGTGGACC-1,◯,,10,33
AACCGCGAGCTGTTCA-1,◯,,10,33
AACCGCGCACTGCCAG-1,◯,,10,33
AACCGCGCAGTATCTG-1,◯,,10,33
AACGTTGGTCCGAAGA-1,◯,,10,33
AACGTTGGTTCACCTC-1,◯,,10,33
AACGTTGTCTGTTGAG-1,◯,,10,33
AACTCAGAGTACTTGC-1,◯,,10,33
AACTCAGCACCACCAG-1,◯,,10,33
AACTCAGCAGCAGTTT-1,◯,,10,33
AACTCAGTCCTGTACC-1,◯,,10,33
AACTCCCAGAGAACAG-1,◯,,10,33
AACTCCCAGTCCGGTC-1,◯,,10,33
AACTCCCAGTGGTCCC-1,◯,,10,33
AACTCCCCACCAGTTA-1,◯,,10,33
AACTCCCGTCCATGAT-1,◯,,10,33
AACTCCCTCACGCATA-1,◯,,10,33
AACTCCCTCATCGCTC-1,◯,,10,33
AACTCCCTCTGCAAGT-1,◯,,10,33
AACTCTTCATTCTTAC-1,◯,,10,33
AACTCTTGTAGCCTCG-1,◯,,10,33
AACTCTTGTCACTGGC-1,◯,,10,33
AACTCTTGTCCAGTTA-1,◯,,10,33
AACTCTTGTCCGTGAC-1,◯,,10,33
AACTCTTGTCCTCCAT-1,◯,,10,33
AACTCTTGTTAGGGTG-1,◯,,10,33
AACTCTTGTTCAGACT-1,◯,,10,33
AACTCTTTCTGCTGTC-1,◯,,10,33
AACTGGTAGATCGGGT-1,◯,,10,33
AACTGGTAGTGGGCTA-1,◯,,10,33
AACTGGTCAAGCCATT-1,◯,,10,33
AACTGGTCAAGCTGAG-1,◯,,10,33
AACTGGTCAGATGGCA-1,◯,,10,33
AACTGGTGTACCGTAT-1,◯,,10,33
AACTGGTGTGCCTGGT-1,◯,,10,33
AACTGGTTCATAAAGG-1,◯,,10,33
AACTGGTTCCTACAGA-1,◯,,10,33
AACTGGTTCGACGGAA-1,◯,,10,33
AACTGGTTCGCCAAAT-1,◯,,10,33
AACTTTCCAAGCTGGA-1,◯,,10,33
AACTTTCCACAGACAG-1,◯,,10,33
AACTTTCCACCTATCC-1,◯,,10,33
AACTTTCCATGCATGT-1,◯,,10,33
AACTTTCTCAACGGGA-1,◯,,10,33
AAGACCTAGATCGATA-1,◯,,10,33
AAGACCTAGCACGCCT-1,◯,,10,33
AAGACCTCATGCTGGC-1,◯,,10,33
AAGACCTTCACCGGGT-1,◯,,10,33
AAGACCTTCTTACCGC-1,◯,,10,33
AAGCCGCAGAAACGAG-1,◯,,10,33
AAGCCGCAGAGTAATC-1,◯,,10,33
AAGCCGCAGCTTTGGT-1,◯,,10,33
AAGCCGCAGTGTACCT-1,◯,,10,33
AAGCCGCCAAACGTGG-1,◯,,10,33
AAGCCGCGTCCCGACA-1,◯,,10,33
AAGCCGCGTCTGCAAT-1,◯,,10,33
AAGCCGCTCAACGAAA-1,◯,,10,33
AAGGAGCAGAATTCCC-1,◯,,10,33
AAGGAGCAGATCTGAA-1,◯,,10,33
AAGGAGCAGTGCGATG-1,◯,,10,33
AAGGAGCCACTATCTT-1,◯,,10,33
AAGGAGCGTCTCAACA-1,◯,,10,33
AAGGAGCTCGATCCCT-1,◯,,10,33
AAGGAGCTCGCTGATA-1,◯,,10,33
AAGGCAGGTCACCTAA-1,◯,,10,33
AAGGCAGTCCCTTGCA-1,◯,,10,33
AAGGCAGTCCGCAAGC-1,◯,,10,33
AAGGCAGTCTGAAAGA-1,◯,,10,33
AAGGCAGTCTGCGACG-1,◯,,10,33
AAGGCAGTCTTGTATC-1,◯,,10,33
AAGGTTCAGCGGCTTC-1,◯,,10,33
AAGGTTCAGGGCACTA-1,◯,,10,33
AAGGTTCAGTACCGGA-1,◯,,10,33
AAGGTTCTCTCAAGTG-1,◯,,10,33
AAGTCTGAGCAAATCA-1,◯,,10,33
AAGTCTGAGTTATCGC-1,◯,,10,33
AAGTCTGCACATCTTT-1,◯,,10,33
AAGTCTGCATCTATGG-1,◯,,10,33
AAGTCTGGTTACGACT-1,◯,,10,33
AAGTCTGTCAACGGCC-1,◯,,10,33
AAGTCTGTCGTTGCCT-1,◯,,10,33
AATCCAGAGCGATGAC-1,◯,,10,33
AATCCAGAGTTACCCA-1,◯,,10,33
AATCCAGAGTTTGCGT-1,◯,,10,33
AATCCAGCACCGAAAG-1,◯,,10,33
AATCCAGCACGCTTTC-1,◯,,10,33
AATCCAGCAGGAATGC-1,◯,,10,33
AATCCAGGTATGCTTG-1,◯,,10,33
AATCCAGGTTCTGGTA-1,◯,,10,33
AATCCAGTCAAGATCC-1,◯,,10,33
AATCCAGTCAGTGCAT-1,◯,,10,33
AATCGGTAGGCAATTA-1,◯,,10,33
AATCGGTCACACGCTG-1,◯,,10,33
AATCGGTTCCCTTGCA-1,◯,,10,33
ACACCAACAATACGCT-1,◯,,10,33
ACACCAAGTGGTTTCA-1,◯,,10,33
ACACCCTAGCCAGTAG-1,◯,,10,33
ACACCCTAGGAATTAC-1,◯,,10,33
ACACCCTAGGTTACCT-1,◯,,10,33
ACACCCTCATAGACTC-1,◯,,10,33
ACACCCTCATTCCTGC-1,◯,,10,33
ACACCCTGTAAATGAC-1,◯,,10,33
ACACCCTGTAGAGTGC-1,◯,,10,33
ACACCCTGTTCACGGC-1,◯,,10,33
ACACCCTTCATCATTC-1,◯,,10,33
ACACCCTTCGCAGGCT-1,◯,,10,33
ACACCGGAGATCCCGC-1,◯,,10,33
ACACCGGAGTATTGGA-1,◯,,10,33
ACACCGGAGTGGTAGC-1,◯,,10,33
ACACCGGAGTGTACCT-1,◯,,10,33
ACACCGGCACACTGCG-1,◯,,10,33
ACACCGGCACTTCTGC-1,◯,,10,33
ACACCGGCATAAAGGT-1,◯,,10,33
ACACCGGGTCGCTTCT-1,◯,,10,33
ACACCGGGTTGGACCC-1,◯,,10,33
ACACTGAAGTGTTGAA-1,◯,,10,33
ACACTGACAAACCTAC-1,◯,,10,33
ACACTGAGTCTTTCAT-1,◯,,10,33
ACACTGATCAATAAGG-1,◯,,10,33
ACAGCCGAGCGATCCC-1,◯,,10,33
ACAGCCGAGTACGCCC-1,◯,,10,33
ACAGCCGAGTTGCAGG-1,◯,,10,33
ACAGCCGCAGTGGGAT-1,◯,,10,33
ACAGCCGGTCCCTACT-1,◯,,10,33
ACAGCCGTCCCAAGTA-1,◯,,10,33
ACAGCTAAGCCGCCTA-1,◯,,10,33
ACAGCTACACCAGGCT-1,◯,,10,33
ACAGCTAGTAGCGATG-1,◯,,10,33
ACAGCTAGTCCAACTA-1,◯,,10,33
ACAGCTAGTGGGTCAA-1,◯,,10,33
ACAGCTATCAGGCAAG-1,◯,,10,33
ACAGCTATCCATTCTA-1,◯,,10,33
ACATACGAGAAGGTGA-1,◯,,10,33
ACATACGAGTCAAGGC-1,◯,,10,33
ACATACGGTCTCAACA-1,◯,,10,33
ACATACGTCATCGCTC-1,◯,,10,33
ACATCAGCAAGAGGCT-1,◯,,10,33
ACATCAGCAGAGTGTG-1,◯,,10,33
ACATCAGGTGCCTGGT-1,◯,,10,33
ACATCAGGTGCTTCTC-1,◯,,10,33
ACATCAGGTTACGGAG-1,◯,,10,33
ACATCAGTCAGCACAT-1,◯,,10,33
ACATCAGTCCTCATTA-1,◯,,10,33
ACATCAGTCTAACTTC-1,◯,,10,33
ACATGGTAGAGCTGCA-1,◯,,10,33
ACATGGTCAAACGTGG-1,◯,,10,33
ACATGGTCAGTGGAGT-1,◯,,10,33
ACATGGTGTATAGTAG-1,◯,,10,33
ACATGGTGTATATCCG-1,◯,,10,33
ACATGGTTCGGTTAAC-1,◯,,10,33
ACCAGTAAGAAACGAG-1,◯,,10,33
ACCAGTAAGTGAATTG-1,◯,,10,33
ACCAGTACAAGTAATG-1,◯,,10,33
ACCAGTACATCGGACC-1,◯,,10,33
ACCAGTAGTAATCACC-1,◯,,10,33
ACCAGTAGTTTAGCTG-1,◯,,10,33
ACCCACTAGGTGCTTT-1,◯,,10,33
ACCCACTGTAAGCACG-1,◯,,10,33
ACCCACTGTGCACTTA-1,◯,,10,33
ACCCACTGTTCAGACT-1,◯,,10,33
ACCCACTTCTACTATC-1,◯,,10,33
ACCGTAACATACTACG-1,◯,,10,33
ACCGTAAGTTGCGCAC-1,◯,,10,33
ACCGTAATCCCAAGAT-1,◯,,10,33
ACCTTTAAGGGAGTAA-1,◯,,10,33
ACCTTTAAGGGTTCCC-1,◯,,10,33
ACCTTTAGTGGCAAAC-1,◯,,10,33
ACCTTTAGTGGCCCTA-1,◯,,10,33
ACCTTTATCAATCACG-1,◯,,10,33
ACCTTTATCTGCCAGG-1,◯,,10,33
ACGAGCCAGACACTAA-1,◯,,10,33
ACGAGCCAGTGGCACA-1,◯,,10,33
ACGAGCCGTGTTCGAT-1,◯,,10,33
ACGAGCCTCTAACTCT-1,◯,,10,33
ACGAGGAAGAGACGAA-1,◯,,10,33
ACGAGGAAGCTAGTGG-1,◯,,10,33
ACGAGGACACACCGAC-1,◯,,10,33
ACGAGGACATCCGGGT-1,◯,,10,33
ACGAGGAGTATGAATG-1,◯,,10,33
ACGAGGAGTGAAAGAG-1,◯,,10,33
ACGAGGAGTTCCCGAG-1,◯,,10,33
ACGAGGAGTTCCCTTG-1,◯,,10,33
ACGATACAGGATGTAT-1,◯,,10,33
ACGATACAGTACGATA-1,◯,,10,33
ACGATACGTCATGCCG-1,◯,,10,33
ACGATACGTGAGCGAT-1,◯,,10,33
ACGATGTCAAACGCGA-1,◯,,10,33
ACGATGTCATCATCCC-1,◯,,10,33
ACGATGTGTCCGACGT-1,◯,,10,33
ACGATGTGTTTGTGTG-1,◯,,10,33
ACGATGTTCACAACGT-1,◯,,10,33
ACGATGTTCTTGAGAC-1,◯,,10,33
ACGCAGCAGGTACTCT-1,◯,,10,33
ACGCAGCGTAGGAGTC-1,◯,,10,33
ACGCAGCTCCAAGCCG-1,◯,,10,33
ACGCCAGTCGTCTGAA-1,◯,,10,33
ACGCCGACAATCCGAT-1,◯,,10,33
ACGCCGAGTCTAGTCA-1,◯,,10,33
ACGCCGAGTTATGTGC-1,◯,,10,33
ACGCCGATCATATCGG-1,◯,,10,33
ACGGAGAAGGCTATCT-1,◯,,10,33
ACGGAGACAAGTTGTC-1,◯,,10,33
ACGGAGATCACCACCT-1,◯,,10,33
ACGGAGATCGGAAACG-1,◯,,10,33
ACGGCCAAGTGGGCTA-1,◯,,10,33
ACGGCCACAAGCCGTC-1,◯,,10,33
ACGGCCACAATAGCGG-1,◯,,10,33
ACGGCCACACAACGTT-1,◯,,10,33
ACGGCCACACATAACC-1,◯,,10,33
ACGGCCACACCAACCG-1,◯,,10,33
ACGGCCAGTACACCGC-1,◯,,10,33
ACGGCCATCATAACCG-1,◯,,10,33
ACGGCCATCCTGCTTG-1,◯,,10,33
ACGGCCATCTAACTGG-1,◯,,10,33
ACGGCCATCTGAGGGA-1,◯,,10,33
ACGGCCATCTTTACAC-1,◯,,10,33
ACGGGCTAGTTCGATC-1,◯,,10,33
ACGGGCTCATTCTCAT-1,◯,,10,33
ACGGGCTGTCCCGACA-1,◯,,10,33
ACGGGCTTCATTGCGA-1,◯,,10,33
ACGGGCTTCGAATGCT-1,◯,,10,33
ACGGGCTTCTGATTCT-1,◯,,10,33
ACGGGTCCAGGGATTG-1,◯,,10,33
ACGGGTCTCTTCCTTC-1,◯,,10,33
ACGTCAAAGACAGAGA-1,◯,,10,33
ACGTCAAAGAGACGAA-1,◯,,10,33
ACGTCAAAGATAGCAT-1,◯,,10,33
ACGTCAAAGCGAAGGG-1,◯,,10,33
ACGTCAAAGGGCTTGA-1,◯,,10,33
ACGTCAAGTAGTGAAT-1,◯,,10,33
ACGTCAAGTCAGAGGT-1,◯,,10,33
ACGTCAAGTCGGATCC-1,◯,,10,33
ACGTCAATCACCTTAT-1,◯,,10,33
ACGTCAATCACTGGGC-1,◯,,10,33
ACGTCAATCTTACCGC-1,◯,,10,33
ACTATCTAGCGCTTAT-1,◯,,10,33
ACTATCTCAGTTCCCT-1,◯,,10,33
ACTATCTTCACAACGT-1,◯,,10,33
ACTATCTTCACCATAG-1,◯,,10,33
ACTATCTTCGAACTGT-1,◯,,10,33
ACTGAACAGAAACGCC-1,◯,,10,33
ACTGAACCAAATTGCC-1,◯,,10,33
ACTGAACGTAGAAAGG-1,◯,,10,33
ACTGAACGTGTCTGAT-1,◯,,10,33
ACTGAACGTTGAGTTC-1,◯,,10,33
ACTGAACTCAACGAAA-1,◯,,10,33
ACTGAGTAGAGTGAGA-1,◯,,10,33
ACTGAGTAGATGGCGT-1,◯,,10,33
ACTGAGTCACGACGAA-1,◯,,10,33
ACTGAGTCAGCTGTGC-1,◯,,10,33
ACTGAGTCAGGGCATA-1,◯,,10,33
ACTGAGTCAGGTGGAT-1,◯,,10,33
ACTGAGTGTAGGACAC-1,◯,,10,33
ACTGAGTGTCTAAACC-1,◯,,10,33
ACTGAGTGTTCGTCTC-1,◯,,10,33
ACTGATGAGTGAAGAG-1,◯,,10,33
ACTGATGCAATCTGCA-1,◯,,10,33
ACTGATGGTACCGAGA-1,◯,,10,33
ACTGATGGTTCAGGCC-1,◯,,10,33
ACTGATGTCAACGCTA-1,◯,,10,33
ACTGATGTCAACGGGA-1,◯,,10,33
ACTGATGTCGGAAACG-1,◯,,10,33
ACTGATGTCTCCAGGG-1,◯,,10,33
ACTGCTCAGAGTAATC-1,◯,,10,33
ACTGCTCAGATGCCTT-1,◯,,10,33
ACTGCTCAGCCTATGT-1,◯,,10,33
ACTGCTCCAAAGCAAT-1,◯,,10,33
ACTGCTCCAGTCACTA-1,◯,,10,33
ACTGCTCGTCTCCACT-1,◯,,10,33
ACTGCTCGTCTCCCTA-1,◯,,10,33
ACTGCTCGTGATGTCT-1,◯,,10,33
ACTGTCCAGCGTTGCC-1,◯,,10,33
ACTGTCCAGGACATTA-1,◯,,10,33
ACTGTCCAGGGCATGT-1,◯,,10,33
ACTGTCCCACTACAGT-1,◯,,10,33
ACTGTCCGTGTCGCTG-1,◯,,10,33
ACTGTCCGTTCGAATC-1,◯,,10,33
ACTTACTAGTCTCAAC-1,◯,,10,33
ACTTACTCAAGGGTCA-1,◯,,10,33
ACTTACTCATGAGCGA-1,◯,,10,33
ACTTACTGTATGAATG-1,◯,,10,33
ACTTACTGTCTTGCGG-1,◯,,10,33
ACTTACTTCACAACGT-1,◯,,10,33
ACTTACTTCATGTAGC-1,◯,,10,33
ACTTACTTCTCTGCTG-1,◯,,10,33
ACTTACTTCTTAACCT-1,◯,,10,33
ACTTTCAAGAATAGGG-1,◯,,10,33
ACTTTCAAGCAGCGTA-1,◯,,10,33
ACTTTCAAGCAGGCTA-1,◯,,10,33
ACTTTCACATCCCACT-1,◯,,10,33
ACTTTCAGTGCGCTTG-1,◯,,10,33
ACTTTCATCTCCAGGG-1,◯,,10,33
AGAATAGAGAGACGAA-1,◯,,10,33
AGAATAGAGCAGCCTC-1,◯,,10,33
AGAATAGAGTACGCCC-1,◯,,10,33
AGAATAGCACACCGAC-1,◯,,10,33
AGAATAGCACAGTCGC-1,◯,,10,33
AGAATAGGTCCGTTAA-1,◯,,10,33
AGAATAGGTGCAGTAG-1,◯,,10,33
AGAATAGTCCCTCTTT-1,◯,,10,33
AGAATAGTCGGCGCTA-1,◯,,10,33
AGAATAGTCTCTAAGG-1,◯,,10,33
AGACGTTAGAGTGACC-1,◯,,10,33
AGACGTTAGGGATACC-1,◯,,10,33
AGACGTTCAAGGGTCA-1,◯,,10,33
AGACGTTCAGCTGTAT-1,◯,,10,33
AGACGTTTCGGATGGA-1,◯,,10,33
AGACGTTTCTAACTGG-1,◯,,10,33
AGAGCGAAGTTCCACA-1,◯,,10,33
AGAGCGACATACAGCT-1,◯,,10,33
AGAGCGAGTACAGACG-1,◯,,10,33
AGAGCGAGTGTGAAAT-1,◯,,10,33
AGAGCGAGTTACCAGT-1,◯,,10,33
AGAGCTTAGAGTAAGG-1,◯,,10,33
AGAGCTTAGATCCCAT-1,◯,maybe,2,77
AGAGCTTCAGCTGCAC-1,◯,,10,33
AGAGCTTGTAGCGATG-1,◯,,10,33
AGAGCTTGTCTCCATC-1,◯,,10,33
AGAGCTTGTCTGCGGT-1,◯,,10,33
AGAGCTTGTTCTGTTT-1,◯,,10,33
AGAGCTTTCCAAAGTC-1,◯,,10,33
AGAGCTTTCTCGGACG-1,◯,,10,33
AGAGTGGTCACGCGGT-1,◯,,10,33
AGAGTGGTCTTACCTA-1,◯,,10,33
AGATCTGAGATCACGG-1,◯,,10,33
AGATCTGCAGAGTGTG-1,◯,,10,33
AGATCTGGTCAACTGT-1,◯,,10,33
AGATCTGTCGACGGAA-1,◯,,10,33
AGATTGCCAAGCGATG-1,◯,,10,33
AGATTGCCACAGATTC-1,◯,,10,33
AGATTGCTCCAAACTG-1,◯,,10,33
AGCAGCCAGATGCCTT-1,◯,,10,33
AGCAGCCAGTATCTCG-1,◯,,10,33
AGCAGCCCAATCGGTT-1,◯,,10,33
AGCAGCCGTATATGGA-1,◯,,10,33
AGCAGCCGTTAAGTAG-1,◯,,10,33
AGCATACAGAACAACT-1,◯,,10,33
AGCATACAGCACGCCT-1,◯,,10,33
AGCATACAGGCTCATT-1,◯,,10,33
AGCATACGTCTAGCGC-1,◯,,10,33
AGCATACTCGGAGGTA-1,◯,,10,33
AGCATACTCGGTGTTA-1,◯,,10,33
AGCCTAAAGGACAGCT-1,◯,,10,33
AGCCTAACAAACCCAT-1,◯,,10,33
AGCCTAACATCATCCC-1,◯,,10,33
AGCCTAAGTCCGAGTC-1,◯,,10,33
AGCCTAAGTTCCGTCT-1,◯,,10,33
AGCGGTCAGGGTCGAT-1,◯,,10,33
AGCGGTCCAAGCGATG-1,◯,,10,33
AGCGGTCGTCAACTGT-1,◯,,10,33
AGCGGTCGTGAAAGAG-1,◯,,10,33
AGCGGTCGTTAGTGGG-1,◯,,10,33
AGCGGTCGTTCGTGAT-1,◯,,10,33
AGCGTATAGTGGCACA-1,◯,,10,33
AGCGTATCACGTCTCT-1,◯,,10,33
AGCGTATGTATAGTAG-1,◯,,10,33
AGCGTATGTCCAGTTA-1,◯,,10,33
AGCGTATGTTTGACAC-1,◯,,10,33
AGCGTCGCATGTAAGA-1,◯,,10,33
AGCGTCGCATTTCACT-1,◯,,10,33
AGCGTCGGTCTCGTTC-1,◯,,10,33
AGCGTCGTCCTGCAGG-1,◯,,10,33
AGCTCCTAGCACCGTC-1,◯,,10,33
AGCTCCTAGCGTAATA-1,◯,,10,33
AGCTCCTCACAGGAGT-1,◯,,10,33
AGCTCCTCAGTCTTCC-1,◯,,10,33
AGCTCTCAGAGATGAG-1,◯,,10,33
AGCTCTCCAAGGTTTC-1,◯,,10,33
AGCTCTCCAGAAGCAC-1,◯,,10,33
AGCTCTCGTGCAACGA-1,◯,,10,33
AGCTCTCTCACCCTCA-1,◯,,10,33
AGCTTGAAGCCATCGC-1,◯,,10,33
AGCTTGACAATCAGAA-1,◯,,10,33
AGCTTGACACTACAGT-1,◯,,10,33
AGCTTGACACTCAGGC-1,◯,,10,33
AGCTTGACAGCTCCGA-1,◯,,10,33
AGCTTGACATACTACG-1,◯,,10,33
AGCTTGAGTAAATACG-1,◯,,10,33
AGCTTGAGTTGATTGC-1,◯,,10,33
AGCTTGATCACCCTCA-1,◯,,10,33
AGCTTGATCCAAACTG-1,◯,,10,33
AGCTTGATCCACGCAG-1,◯,,10,33
AGCTTGATCCGCAAGC-1,◯,,10,33
AGCTTGATCCGTCATC-1,◯,,10,33
AGCTTGATCCTCGCAT-1,◯,,10,33
AGGCCACAGCGAAGGG-1,◯,,10,33
AGGCCACAGGCCCGTT-1,◯,,10,33
AGGCCACCAGCCAATT-1,◯,,10,33
AGGCCACGTACTCGCG-1,◯,,10,33
AGGCCACGTCTTGCGG-1,◯,,10,33
AGGCCGTAGACCGGAT-1,◯,,10,33
AGGCCGTAGCCATCGC-1,◯,,10,33
AGGCCGTCAACCGCCA-1,◯,,10,33
AGGCCGTGTAGCAAAT-1,◯,,10,33
AGGCCGTGTCTACCTC-1,◯,,10,33
AGGCCGTGTCTTTCAT-1,◯,,10,33
AGGCCGTTCACAACGT-1,◯,,10,33
AGGGAGTAGCGCCTTG-1,◯,,10,33
AGGGAGTCAGCGATCC-1,◯,,10,33
AGGGAGTCATGTAGTC-1,◯,,10,33
AGGGAGTCATTACGAC-1,◯,,10,33
AGGGAGTGTGCAGACA-1,◯,,10,33
AGGGAGTTCAACGGCC-1,◯,,10,33
AGGGAGTTCTCAACTT-1,◯,,10,33
AGGGATGAGCTAGTTC-1,◯,,10,33
AGGGATGGTGCACCAC-1,◯,,10,33
AGGGATGTCCTGCAGG-1,◯,,10,33
AGGGATGTCGGATGGA-1,◯,,10,33
AGGGTGAAGACATAAC-1,◯,,10,33
AGGGTGAAGACCTAGG-1,◯,,10,33
AGGGTGACAATTCCTT-1,◯,,10,33
AGGGTGACACAGTCGC-1,◯,,10,33
AGGGTGAGTAGCACGA-1,◯,,10,33
AGGGTGAGTAGCGCAA-1,◯,,10,33
AGGGTGAGTTCCGTCT-1,◯,,10,33
AGGTCATAGATCTGCT-1,◯,,10,33
AGGTCATAGGTAGCCA-1,◯,,10,33
AGGTCATCACACCGCA-1,◯,,10,33
AGGTCATCATCCTAGA-1,◯,,10,33
AGGTCATGTAAATACG-1,◯,,10,33
AGGTCATGTCAGAATA-1,◯,,10,33
AGGTCATGTGTTGAGG-1,◯,,10,33
AGGTCATTCCTGCCAT-1,◯,,10,33
AGGTCATTCTGAGGGA-1,◯,,10,33
AGGTCATTCTGCTTGC-1,◯,,10,33
AGGTCCGAGGTACTCT-1,◯,,10,33
AGGTCCGAGTTACGGG-1,◯,,10,33
AGGTCCGGTCTGCAAT-1,◯,,10,33
AGGTCCGGTTCGTGAT-1,◯,,10,33
AGGTCCGTCAGGCCCA-1,◯,,10,33
AGTAGTCAGAGCTGGT-1,◯,,10,33
AGTAGTCCACCAGATT-1,◯,,10,33
AGTAGTCCACCTTGTC-1,◯,,10,33
AGTAGTCCATAGGATA-1,◯,,10,33
AGTAGTCGTGGCTCCA-1,◯,,10,33
AGTCTTTAGATGCCTT-1,◯,,10,33
AGTCTTTAGGAGCGTT-1,◯,,10,33
AGTCTTTAGTCGATAA-1,◯,,10,33
AGTCTTTAGTGTCTCA-1,◯,,10,33
AGTCTTTGTCCATGAT-1,◯,,10,33
AGTCTTTGTGATAAGT-1,◯,,10,33
AGTCTTTTCAAGAAGT-1,◯,,10,33
AGTCTTTTCGCAAACT-1,◯,,10,33
AGTGAGGAGTCATCCA-1,◯,,10,33
AGTGGGAAGAAGGGTA-1,◯,,10,33
AGTGGGACAATCTACG-1,◯,,10,33
AGTGGGACAGTCAGAG-1,◯,,10,33
AGTGGGAGTCTAGCCG-1,◯,,10,33
AGTGGGAGTGCACGAA-1,◯,,10,33
AGTGGGATCCAAACAC-1,◯,,10,33
AGTGTCACACCCAGTG-1,◯,,10,33
AGTGTCACACGAAATA-1,◯,,10,33
AGTGTCACACTTCGAA-1,◯,,10,33
AGTGTCACATAAAGGT-1,◯,,10,33
AGTGTCACATCTACGA-1,◯,,10,33
AGTGTCACATTGGGCC-1,◯,,10,33
AGTGTCACATTTGCTT-1,◯,,10,33
AGTGTCAGTGGTCTCG-1,◯,,10,33
AGTGTCATCCACTCCA-1,◯,,10,33
AGTTGGTAGCCCTAAT-1,◯,,10,33
AGTTGGTAGTGGGCTA-1,◯,,10,33
AGTTGGTGTCACCCAG-1,◯,,10,33
AGTTGGTGTCTAGTCA-1,◯,,10,33
AGTTGGTTCCGCTGTT-1,◯,,10,33
AGTTGGTTCTAGAGTC-1,◯,,10,33
ATAACGCAGACGACGT-1,◯,,10,33
ATAACGCAGCCCTAAT-1,◯,,10,33
ATAACGCAGTTGCAGG-1,◯,,10,33
ATAACGCCAAGTAGTA-1,◯,,10,33
ATAACGCCAAGTCTGT-1,◯,,10,33
ATAACGCCAGCAGTTT-1,◯,,10,33
ATAACGCCATGCGCAC-1,◯,,10,33
ATAACGCGTGACGCCT-1,◯,,10,33
ATAACGCTCTTGAGAC-1,◯,,10,33
ATAAGAGAGAGTGAGA-1,◯,,10,33
ATAAGAGAGATATGGT-1,◯,,10,33
ATAAGAGCAAACCCAT-1,◯,,10,33
ATAAGAGCAGTGGGAT-1,◯,,10,33
ATAAGAGGTAGCTCCG-1,◯,,10,33
ATAAGAGGTATATCCG-1,◯,,10,33
ATAAGAGTCAAGGCTT-1,◯,,10,33
ATAAGAGTCCGTTGCT-1,◯,,10,33
ATAAGAGTCTGGTTCC-1,◯,,10,33
ATAGACCCATCGACGC-1,◯,,10,33
ATAGACCCATTGGCGC-1,◯,,10,33
ATAGACCGTAATCACC-1,◯,,10,33
ATAGACCGTATGGTTC-1,◯,,10,33
ATAGACCGTTAGTGGG-1,◯,,10,33
ATAGACCTCGTGACAT-1,◯,,10,33
ATAGACCTCTGTTGAG-1,◯,,10,33
ATAGACCTCTTACCTA-1,◯,,10,33
ATCACGATCATAGCAC-1,◯,,10,33
ATCACGATCATTGCCC-1,◯,,10,33
ATCACGATCTCGCATC-1,◯,,10,33
ATCATCTAGAGACTAT-1,◯,,10,33
ATCATCTAGCGGATCA-1,◯,,10,33
ATCATCTCATTGAGCT-1,◯,,10,33
ATCATCTTCTGCGACG-1,◯,,10,33
ATCATGGAGGTGCAAC-1,◯,,10,33
ATCATGGCATCGACGC-1,◯,,10,33
ATCATGGGTCTAAAGA-1,◯,,10,33
ATCATGGGTGAGGGAG-1,◯,,10,33
ATCATGGTCGACAGCC-1,◯,,10,33
ATCATGGTCTTCAACT-1,◯,,10,33
ATCCACCAGATAGTCA-1,◯,,10,33
ATCCACCAGCGTGAAC-1,◯,,10,33
ATCCACCCACTAAGTC-1,◯,,10,33
ATCCACCCAGTCTTCC-1,◯,,10,33
ATCCACCGTTGATTGC-1,◯,,10,33
ATCCACCTCAACACAC-1,◯,,10,33
ATCCACCTCACTCCTG-1,◯,,10,33
ATCCGAAAGAATAGGG-1,◯,,10,33
ATCCGAAAGGTTACCT-1,◯,,10,33
ATCCGAACACGGATAG-1,◯,,10,33
ATCCGAACAGACAAAT-1,◯,,10,33
ATCCGAACAGCATACT-1,◯,,10,33
ATCCGAACAGCTCGAC-1,◯,,10,33
ATCCGAATCACAGTAC-1,◯,,10,33
ATCCGAATCACCGTAA-1,◯,,10,33
ATCCGAATCTCAAGTG-1,◯,,10,33
ATCGAGTAGTGCTGCC-1,◯,,10,33
ATCGAGTAGTTGTAGA-1,◯,,10,33
ATCGAGTCAAGTCTAC-1,◯,,10,33
ATCGAGTCACCCTATC-1,◯,,10,33
ATCGAGTGTGACCAAG-1,◯,,10,33
ATCGAGTTCCTAGAAC-1,◯,,10,33
ATCTACTAGCAGACTG-1,◯,,10,33
ATCTACTAGCATGGCA-1,◯,,10,33
ATCTACTCACGGCTAC-1,◯,,10,33
ATCTACTCAGCTGCTG-1,◯,,10,33
ATCTACTGTCTTCTCG-1,◯,,10,33
ATCTGCCAGCGCCTCA-1,◯,,10,33
ATCTGCCCAATGTAAG-1,◯,,10,33
ATCTGCCCAGTCAGCC-1,◯,,10,33
ATCTGCCGTCAGGACA-1,◯,,10,33
ATCTGCCGTCTAGCCG-1,◯,,10,33
ATCTGCCGTGTCAATC-1,◯,,10,33
ATCTGCCGTTTGCATG-1,◯,,10,33
ATGAGGGAGTACGATA-1,◯,,10,33
ATGAGGGGTCGGCATC-1,◯,,10,33
ATGAGGGGTGGTACAG-1,◯,,10,33
ATGAGGGGTTCGCGAC-1,◯,,10,33
ATGAGGGTCTGAGGGA-1,◯,,10,33
ATGCGATAGAATAGGG-1,◯,,10,33
ATGCGATAGGTCGGAT-1,◯,,10,33
ATGCGATAGGTTACCT-1,◯,,10,33
ATGCGATCATTCTTAC-1,◯,,10,33
ATGGGAGCAAAGTGCG-1,◯,,10,33
ATGGGAGCAATCCAAC-1,◯,,10,33
ATGGGAGCACGTTGGC-1,◯,,10,33
ATGGGAGGTAGAGGAA-1,◯,,10,33
ATGGGAGGTTCTGGTA-1,◯,,10,33
ATGGGAGTCGTAGGAG-1,◯,,10,33
ATGGGAGTCTAACTCT-1,◯,,10,33
ATGGGAGTCTTAGCCC-1,◯,,10,33
ATGTGTGAGAGTTGGC-1,◯,,10,33
ATGTGTGAGATACACA-1,◯,,10,33
ATGTGTGAGATCACGG-1,◯,,10,33
ATGTGTGCATACTACG-1,◯,,10,33
ATGTGTGGTGTTGAGG-1,◯,,10,33
ATGTGTGTCCGAACGC-1,◯,,10,33
ATGTGTGTCCGATATG-1,◯,,10,33
ATGTGTGTCGTTTATC-1,◯,,10,33
ATTACTCAGGTGCTAG-1,◯,,10,33
ATTACTCCAATCTACG-1,◯,,10,33
ATTACTCGTTCCATGA-1,◯,,10,33
ATTATCCAGATTACCC-1,◯,,10,33
ATTATCCAGTGCCAGA-1,◯,,10,33
ATTATCCCAATGAAAC-1,◯,,10,33
ATTCTACGTCCGTCAG-1,◯,,10,33
ATTCTACTCAACGAAA-1,◯,,10,33
ATTCTACTCATCTGCC-1,◯,,10,33
ATTCTACTCGCTAGCG-1,◯,,10,33
ATTCTACTCGGTGTCG-1,◯,,10,33
ATTGGACAGCTCAACT-1,◯,,10,33
ATTGGACAGCTGCGAA-1,◯,,10,33
ATTGGACCAAAGGAAG-1,◯,,10,33
ATTGGACCAACTGCGC-1,◯,,10,33
ATTGGACCAAGGGTCA-1,◯,,10,33
ATTGGACCAGGTCTCG-1,◯,,10,33
ATTGGACCATGTCCTC-1,◯,,10,33
ATTGGACGTATATGGA-1,◯,,10,33
ATTGGACGTCAACATC-1,◯,,10,33
ATTGGACGTTCGTCTC-1,◯,,10,33
ATTGGACTCGCACTCT-1,◯,,10,33
ATTGGTGAGTGGGATC-1,◯,,10,33
ATTGGTGAGTTGTAGA-1,◯,,10,33
ATTGGTGCAGGAACGT-1,◯,,10,33
ATTGGTGCAGTCAGCC-1,◯,,10,33
ATTGGTGCATGAACCT-1,◯,,10,33
ATTGGTGTCAGTTTGG-1,◯,,10,33
ATTGGTGTCATCATTC-1,◯,,10,33
ATTTCTGCACAAGACG-1,◯,,10,33
ATTTCTGCACGACGAA-1,◯,,10,33
ATTTCTGCAGGTGGAT-1,◯,,10,33
ATTTCTGGTTATGTGC-1,◯,,10,33
CAACCAAAGGGATACC-1,◯,,10,33
CAACCAAGTACATCCA-1,◯,,10,33
CAACCTCAGAATTCCC-1,◯,,10,33
CAACCTCAGAGATGAG-1,◯,,10,33
CAACCTCAGCTCCCAG-1,◯,,10,33
CAACCTCAGTTACCCA-1,◯,,10,33
CAACCTCAGTTTAGGA-1,◯,,10,33
CAACCTCCAATGGATA-1,◯,,10,33
CAACCTCCAGCTATTG-1,◯,,10,33
CAACCTCCAGTTCATG-1,◯,no,100,33
CAACCTCTCCTTCAAT-1,◯,,10,33
CAACTAGGTCATGCCG-1,◯,,10,33
CAACTAGGTCGACTGC-1,◯,,10,33
CAACTAGGTGCATCTA-1,◯,,10,33
CAAGAAACACATGACT-1,◯,,10,33
CAAGAAACACCGATAT-1,◯,,10,33
CAAGAAAGTTATTCTC-1,◯,,10,33
CAAGAAATCTGGCGTG-1,◯,,10,33
CAAGATCAGAGGTTAT-1,◯,,10,33
CAAGATCAGCCGCCTA-1,◯,,10,33
CAAGATCAGGATTCGG-1,◯,,10,33
CAAGATCAGGGTTTCT-1,◯,,10,33
CAAGATCAGTGTCCAT-1,◯,,10,33
CAAGATCGTTCGTTGA-1,◯,,10,33
CAAGATCTCCCAAGAT-1,◯,,10,33
CAAGATCTCCTTCAAT-1,◯,,10,33
CAAGATCTCGAATCCA-1,◯,,10,33
CAAGATCTCGTTGACA-1,◯,,10,33
CAAGATCTCTCTGAGA-1,◯,,10,33
CAAGGCCAGCGATATA-1,◯,,10,33
CAAGGCCAGGACAGAA-1,◯,,10,33
CAAGGCCAGGCTAGGT-1,◯,,10,33
CAAGGCCAGGCTCATT-1,◯,,10,33
CAAGGCCCACCCTATC-1,◯,,10,33
CAAGGCCGTAATCACC-1,◯,,10,33
CAAGGCCGTACTCAAC-1,◯,,10,33
CAAGGCCGTCGAACAG-1,◯,,10,33
CAAGGCCTCCATGAAC-1,◯,,10,33
CAAGGCCTCCTAGAAC-1,◯,,10,33
CAAGGCCTCGAACTGT-1,◯,,10,33
CAAGTTGAGCCGCCTA-1,◯,,10,33
CAAGTTGAGTCAAGCG-1,◯,,10,33
CAAGTTGCACGAAGCA-1,◯,,10,33
CAAGTTGGTAGAAAGG-1,◯,,10,33
CAAGTTGGTATAGGTA-1,◯,,10,33
CAAGTTGGTGAGTGAC-1,◯,,10,33
CAAGTTGGTTACCAGT-1,◯,,10,33
CAAGTTGGTTCCACTC-1,◯,,10,33
CAAGTTGTCGGCGCAT-1,◯,,10,33
CACAAACAGAGAACAG-1,◯,,10,33
CACAAACGTTAAAGTG-1,◯,,10,33
CACAAACGTTACTGAC-1,◯,,10,33
CACACAACAGGCAGTA-1,◯,,10,33
CACACAACAGTCCTTC-1,◯,,10,33
CACACAAGTCATATCG-1,◯,,10,33
CACACAATCAGAGCTT-1,◯,,10,33
CACACCTCATGTTGAC-1,◯,,10,33
CACACCTGTAGTAGTA-1,◯,,10,33
CACACCTGTTGATTGC-1,◯,,10,33
CACACTCAGACACGAC-1,◯,,10,33
CACACTCAGGCCCTCA-1,◯,,10,33
CACACTCCACCGTTGG-1,◯,,10,33
CACACTCGTCAATACC-1,◯,,10,33
CACACTCGTCAGGACA-1,◯,,10,33
CACACTCTCACCCTCA-1,◯,,10,33
CACAGGCAGGTCATCT-1,◯,,10,33
CACAGGCGTATAAACG-1,◯,,10,33
CACAGGCGTCGGGTCT-1,◯,,10,33
CACAGGCGTGCGGTAA-1,◯,,10,33
CACAGGCTCGGTGTTA-1,◯,,10,33
CACAGTAAGATCACGG-1,◯,,10,33
CACAGTACACCCAGTG-1,◯,,10,33
CACAGTACACCGAAAG-1,◯,,10,33
CACAGTAGTCACACGC-1,◯,,10,33
CACAGTAGTGAGTATA-1,◯,,10,33
CACAGTAGTTCCCGAG-1,◯,,10,33
CACAGTATCTCTGTCG-1,◯,,10,33
CACAGTATCTTGCAAG-1,◯,,10,33
CACATAGAGAACAACT-1,◯,,10,33
CACATAGAGAGTACAT-1,◯,,10,33
CACATAGAGCAGGCTA-1,◯,,10,33
CACATAGAGGGATACC-1,◯,,10,33
CACATAGCAGCTCGAC-1,◯,,10,33
CACATAGTCGCACTCT-1,◯,,10,33
CACATTTAGGTGCTTT-1,◯,,10,33
CACATTTCACCTGGTG-1,◯,,10,33
CACATTTCATTAGCCA-1,◯,,10,33
CACATTTGTGATAAGT-1,◯,,10,33
CACATTTTCCCAAGTA-1,◯,,10,33
CACATTTTCGTCTGAA-1,◯,,10,33
CACCACTAGGAGTTTA-1,◯,,10,33
CACCACTCAAAGGAAG-1,◯,,10,33
CACCACTCAAATACAG-1,◯,,10,33
CACCACTGTGCACCAC-1,◯,,10,33
CACCACTGTTGGAGGT-1,◯,,10,33
CACCACTTCCGCGCAA-1,◯,,10,33
CACCACTTCGTAGGTT-1,◯,,10,33
CACCAGGAGAAAGTGG-1,◯,,10,33
CACCAGGAGCATCATC-1,◯,,10,33
CACCAGGAGGATGTAT-1,◯,,10,33
CACCAGGCAGATGGGT-1,◯,,10,33
CACCAGGGTTACCGAT-1,◯,,10,33
CACCAGGTCAGGTTCA-1,◯,,10,33
CACCTTGAGAGTACCG-1,◯,,10,33
CACCTTGAGAGTGAGA-1,◯,,10,33
CACCTTGAGCGTTGCC-1,◯,,10,33
CACCTTGAGGGCACTA-1,◯,,10,33
CACCTTGGTAGTACCT-1,◯,,10,33
CACCTTGGTCACCTAA-1,◯,,10,33
CACTCCAAGACGCACA-1,◯,,10,33
CACTCCAAGATGTTAG-1,◯,,10,33
CACTCCAAGTCATCCA-1,◯,,10,33
CACTCCAGTAGGCTGA-1,◯,,10,33
CACTCCAGTCAACTGT-1,◯,,10,33
CACTCCAGTCGCATAT-1,◯,,10,33
CACTCCAGTTCGAATC-1,◯,,10,33
CACTCCATCAGTCAGT-1,◯,,10,33
CAGAATCAGGTAGCTG-1,◯,,10,33
CAGAATCCAATCTGCA-1,◯,,10,33
CAGAATCCACTCGACG-1,◯,,10,33
CAGAATCCAGGCGATA-1,◯,,10,33
CAGAATCGTTTACTCT-1,◯,,10,33
CAGAATCTCCCGGATG-1,◯,,10,33
CAGAGAGAGACCCACC-1,◯,,10,33
CAGAGAGAGCGATATA-1,◯,,10,33
CAGAGAGAGGCAAAGA-1,◯,,10,33
CAGAGAGGTTAGTGGG-1,◯,,10,33
CAGAGAGTCCTTTCGG-1,◯,,10,33
CAGATCAAGATACACA-1,◯,,10,33
CAGATCAAGCTCAACT-1,◯,,10,33
CAGATCACATACGCCG-1,◯,,10,33
CAGATCAGTACACCGC-1,◯,,10,33
CAGATCATCAACCAAC-1,◯,,10,33
CAGATCATCACGCGGT-1,◯,,10,33
CAGCAGCCAAGCCGTC-1,◯,,10,33
CAGCAGCCACCGTTGG-1,◯,,10,33
CAGCAGCCAGGAATCG-1,◯,,10,33
CAGCAGCCAGGTCCAC-1,◯,,10,33
CAGCAGCGTACGCACC-1,◯,,10,33
CAGCAGCGTCCATGAT-1,◯,,10,33
CAGCAGCTCATAAAGG-1,◯,,10,33
CAGCATACAAGCCATT-1,◯,,10,33
CAGCATATCAAAGTAG-1,◯,,10,33
CAGCATATCATCTGTT-1,◯,,10,33
CAGCATATCGCTAGCG-1,◯,,10,33
CAGCCGAAGACAGACC-1,◯,,10,33
CAGCCGAAGCAGCCTC-1,◯,,10,33
CAGCCGAAGGTAGCCA-1,◯,,10,33
CAGCCGACACATTTCT-1,◯,,10,33
CAGCCGAGTTGCTCCT-1,◯,,10,33
CAGCCGATCCGCAGTG-1,◯,,10,33
CAGCCGATCTCTGAGA-1,◯,,10,33
CAGCGACAGTTCGATC-1,◯,,10,33
CAGCGACCAGATCGGA-1,◯,,10,33
CAGCGACGTGTGAAAT-1,◯,,10,33
CAGCGACTCAGCAACT-1,◯,,10,33
CAGCGACTCCTCAACC-1,◯,,10,33
CAGCGACTCTACTTAC-1,◯,,10,33
CAGCGACTCTATCCTA-1,◯,,10,33
CAGCGACTCTGCGGCA-1,◯,,10,33
CAGCTAAAGTACGACG-1,◯,,10,33
CAGCTAAGTAGAGTGC-1,◯,,10,33
CAGCTAAGTTTGTGTG-1,◯,,10,33
CAGCTAATCCCACTTG-1,◯,,10,33
CAGCTGGCAAGTTGTC-1,◯,,10,33
CAGCTGGCAATGGAAT-1,◯,,10,33
CAGCTGGTCGGTTCGG-1,◯,,10,33
CAGCTGGTCTGACCTC-1,◯,,10,33
CAGGTGCAGACTGGGT-1,◯,,10,33
CAGGTGCAGATCCCAT-1,◯,,10,33
CAGGTGCCACTCAGGC-1,◯,,10,33
CAGGTGCGTTACGTCA-1,◯,,10,33
CAGGTGCTCGGCGCAT-1,◯,,10,33
CAGTAACAGTATGACA-1,◯,,10,33
CAGTAACCACGGTAAG-1,◯,,10,33
CAGTAACCATGGTCAT-1,◯,,10,33
CAGTAACGTCGCCATG-1,◯,,10,33
CAGTAACGTCTGCGGT-1,◯,,10,33
CAGTAACGTTACCAGT-1,◯,,10,33
CAGTAACGTTCGCTAA-1,◯,,10,33
CAGTAACTCCCTGACT-1,◯,,10,33
CAGTAACTCGAGAACG-1,◯,,10,33
CAGTAACTCGCGTTTC-1,◯,,10,33
CAGTCCTAGCCAGTTT-1,◯,,10,33
CAGTCCTAGGAGTCTG-1,◯,,10,33
CAGTCCTAGGTCGGAT-1,◯,,10,33
CAGTCCTGTCCGAACC-1,◯,,10,33
CAGTCCTTCGCCTGTT-1,◯,,10,33
CAGTCCTTCTCTAAGG-1,◯,,10,33
CAGTCCTTCTGAAAGA-1,◯,,10,33
CATATGGAGAGGTTGC-1,◯,,100,33
CATATGGAGATCTGCT-1,◯,,10,33
CATATGGAGCGATGAC-1,◯,,10,33
CATATGGAGGATGGAA-1,◯,,10,33
CATATGGCACCAGGCT-1,◯,,10,33
CATATGGCAGTCACTA-1,◯,,10,33
CATATGGCATATACCG-1,◯,yes,10,33
CATATGGGTTGCGTTA-1,◯,,10,33
CATATGGTCAACACCA-1,◯,,10,33
CATATGGTCAGTTGAC-1,◯,,10,33
CATATTCAGCTAACTC-1,◯,,10,33
CATATTCCAGACACTT-1,◯,,10,33
CATATTCGTACTCTCC-1,◯,,10,33
CATATTCGTGGTAACG-1,◯,,10,33
CATATTCGTTAGAACA-1,◯,,10,33
CATATTCTCGCTTAGA-1,◯,,10,33
CATCAAGAGATCTGAA-1,◯,,10,33
CATCAAGAGCTGCAAG-1,◯,,10,33
CATCAAGCAGGCTCAC-1,◯,,10,33
CATCAAGGTGGGTATG-1,◯,,10,33
CATCAAGTCACCTCGT-1,◯,,10,33
CATCAAGTCATGTCTT-1,◯,,10,33
CATCAAGTCGCAGGCT-1,◯,,10,33
CATCAAGTCGCCAAAT-1,◯,,10,33
CATCAGAAGATTACCC-1,◯,,10,33
CATCAGAAGTGAATTG-1,◯,,10,33
CATCAGACATATACCG-1,◯,,10,33
CATCAGACATTATCTC-1,◯,,10,33
CATCAGAGTAGCGATG-1,◯,,10,33
CATCAGAGTAGCGCTC-1,◯,,10,33
CATCAGAGTTTGTTTC-1,◯,,10,33
CATCAGATCAGTTCGA-1,◯,,10,33
CATCAGATCGTAGATC-1,◯,,10,33
CATCCACAGGTTCCTA-1,◯,,10,33
CATCCACGTCCAGTGC-1,◯,,10,33
CATCGAACACCCATGG-1,◯,,10,33
CATCGAACACTGTCGG-1,◯,,10,33
CATCGAACAGCTGTGC-1,◯,,10,33
CATCGAACAGGGTACA-1,◯,,10,33
CATCGAACAGTGACAG-1,◯,,10,33
CATCGAAGTAGCGATG-1,◯,,10,33
CATCGAAGTCTTGCGG-1,◯,,10,33
CATCGAAGTGGCAAAC-1,◯,,10,33
CATCGAAGTTCGTCTC-1,◯,,10,33
CATCGAATCAGCTTAG-1,◯,,10,33
CATCGAATCTGACCTC-1,◯,,10,33
CATCGGGAGCCACGTC-1,◯,,10,33
CATCGGGCACACATGT-1,◯,,10,33
CATCGGGGTGCAGTAG-1,◯,,10,33
CATGACAAGCACGCCT-1,◯,,10,33
CATGACAGTCGAACAG-1,◯,,10,33
CATGACAGTGGTCTCG-1,◯,,10,33
CATGACAGTTCACCTC-1,◯,,10,33
CATGACATCTTCTGGC-1,◯,,10,33
CATGCCTAGGCTAGAC-1,◯,,10,33
CATGCCTAGTAGGTGC-1,◯,,10,33
CATGCCTCAGAAGCAC-1,◯,,10,33
CATGCCTGTAGCGCAA-1,◯,,10,33
CATGCCTTCACCAGGC-1,◯,,10,33
CATGCCTTCCTATTCA-1,◯,,10,33
CATGGCGAGCGTGTCC-1,◯,,10,33
CATGGCGGTAGCGTCC-1,◯,,10,33
CATGGCGGTGTGTGCC-1,◯,,10,33
CATGGCGTCGTTTATC-1,◯,,10,33
CATTATCAGCTATGCT-1,◯,,10,33
CATTATCGTAAGAGGA-1,◯,,10,33
CATTATCGTCACTGGC-1,◯,,10,33
CATTATCGTTAAAGAC-1,◯,,10,33
CATTCGCAGTCATGCT-1,◯,,10,33
CATTCGCAGTGTACGG-1,◯,,10,33
CATTCGCGTAGAGGAA-1,◯,,10,33
CATTCGCTCCCTCAGT-1,◯,,10,33
CATTCGCTCGCAGGCT-1,◯,,10,33
CCAATCCAGGCAGTCA-1,◯,,10,33
CCAATCCCAGACTCGC-1,◯,,10,33
CCAATCCGTGATGCCC-1,◯,,10,33
CCAATCCGTGCCTGGT-1,◯,,10,33
CCAATCCTCACCTCGT-1,◯,,10,33
CCAATCCTCAGAGCTT-1,◯,,10,33
CCAATCCTCTTATCTG-1,◯,,10,33
CCACCTAAGCCCTAAT-1,◯,,10,33
CCACCTAAGTTGCAGG-1,◯,,10,33
CCACCTACACACCGAC-1,◯,,10,33
CCACCTACATAGGATA-1,◯,,10,33
CCACCTAGTGGAAAGA-1,◯,,10,33
CCACCTATCTATGTGG-1,◯,,10,33
CCACCTATCTCGCATC-1,◯,,10,33
CCACCTATCTTCCTTC-1,◯,,10,33
CCACGGACACGGCTAC-1,◯,,10,33
CCACGGACATCCCATC-1,◯,,10,33
CCACGGACATTCTCAT-1,◯,,10,33
CCACGGATCACCTCGT-1,◯,,10,33
CCACTACAGGGTTCCC-1,◯,,10,33
CCACTACCAAGTTAAG-1,◯,,10,33
CCACTACCACCTCGTT-1,◯,,10,33
CCACTACCATTAACCG-1,◯,,10,33
CCACTACGTCTTTCAT-1,◯,,10,33
CCACTACGTGTCAATC-1,◯,,10,33
CCACTACTCCAGTATG-1,◯,,10,33
CCAGCGAAGAGACTAT-1,◯,,10,33
CCAGCGAAGAGTACAT-1,◯,,10,33
CCAGCGAAGGCCATAG-1,◯,,10,33
CCAGCGAAGGCTCAGA-1,◯,,10,33
CCAGCGAGTGGTCCGT-1,◯,,10,33
CCAGCGATCATCGGAT-1,◯,,10,33
CCATGTCAGACGCAAC-1,◯,,10,33
CCATGTCAGCAGCGTA-1,◯,,10,33
CCATGTCAGCGTCTAT-1,◯,,10,33
CCATGTCAGGCTAGCA-1,◯,,10,33
CCATGTCCAAGACACG-1,◯,,10,33
CCATGTCCAAGCGAGT-1,◯,,10,33
CCATGTCCAATCGAAA-1,◯,,10,33
CCATGTCCATGTAGTC-1,◯,,10,33
CCATGTCGTACTCGCG-1,◯,,10,33
CCATGTCGTCTGGTCG-1,◯,,10,33
CCATTCGAGGAGTAGA-1,◯,,10,33
CCATTCGAGTAGTGCG-1,◯,,10,33
CCATTCGCAGATGGGT-1,◯,,10,33
CCATTCGCAGTCAGCC-1,◯,,10,33
CCATTCGCAGTTTACG-1,◯,,10,33
CCATTCGGTAAGGGCT-1,◯,,10,33
CCATTCGTCGTCTGCT-1,◯,,10,33
CCCAATCAGCACCGCT-1,◯,,10,33
CCCAATCAGCCCTAAT-1,◯,,10,33
CCCAATCAGGTAGCTG-1,◯,,10,33
CCCAATCCAGCGTCCA-1,◯,,10,33
CCCAATCGTCTCCATC-1,◯,,10,33
CCCAATCGTTCACGGC-1,◯,,10,33
CCCAATCGTTCAGGCC-1,◯,,10,33
CCCAATCTCGCTTAGA-1,◯,,10,33
CCCAATCTCTTGCAAG-1,◯,,10,33
CCCAGTTAGAAAGTGG-1,◯,,10,33
CCCAGTTCATACTACG-1,◯,,10,33
CCCAGTTGTAGGAGTC-1,◯,,10,33
CCCAGTTGTATATGGA-1,◯,,10,33
CCCATACAGAACAACT-1,◯,,10,33
CCCATACCAGCCTATA-1,◯,,10,33
CCCATACCATGTAAGA-1,◯,,10,33
CCCATACGTAGGGTAC-1,◯,,10,33
CCCATACGTCTAGAGG-1,◯,,10,33
CCCTCCTAGTCCGGTC-1,◯,,10,33
CCCTCCTCAAGTAGTA-1,◯,,10,33
CCCTCCTCACCTGGTG-1,◯,,10,33
CCCTCCTCAGTAACGG-1,◯,,10,33
CCCTCCTCATCCTAGA-1,◯,,10,33
CCCTCCTGTGAAGGCT-1,◯,,10,33
CCCTCCTGTGGAAAGA-1,◯,,10,33
CCCTCCTGTTGAGTTC-1,◯,,10,33
CCCTCCTTCCGAAGAG-1,◯,,10,33
CCCTCCTTCGCTTAGA-1,◯,,10,33
CCCTCCTTCTACGAGT-1,◯,,10,33
CCGGGATAGATGTTAG-1,◯,,10,33
CCGGGATGTCAGCTAT-1,◯,,10,33
CCGGGATGTGATGATA-1,◯,,10,33
CCGGGATGTTACCGAT-1,◯,,10,33
CCGGTAGAGCTTATCG-1,◯,,10,33
CCGGTAGAGTCGCCGT-1,◯,,10,33
CCGGTAGGTACCGAGA-1,◯,,10,33
CCGGTAGTCATGTGGT-1,◯,,10,33
CCGGTAGTCCCGGATG-1,◯,,10,33
CCGTACTCAGGCTCAC-1,◯,,10,33
CCGTACTGTATAAACG-1,◯,,10,33
CCGTACTGTCTTGCGG-1,◯,,10,33
CCGTACTGTTTAAGCC-1,◯,,10,33
CCGTACTTCAAACAAG-1,◯,,10,33
CCGTACTTCCTCAATT-1,◯,,10,33
CCGTGGAAGCGAGAAA-1,◯,,10,33
CCGTGGAAGTCATCCA-1,◯,,10,33
CCGTGGACACATGACT-1,◯,,10,33
CCGTGGACAGAGCCAA-1,◯,,10,33
CCGTGGAGTAGTGAAT-1,◯,,10,33
CCGTGGAGTGACTACT-1,◯,,10,33
CCGTGGATCAATCACG-1,◯,,10,33
CCGTGGATCACCAGGC-1,◯,,10,33
CCGTGGATCACCATAG-1,◯,,10,33
CCGTGGATCTCGCTTG-1,◯,,10,33
CCGTTCACAACAACCT-1,◯,,10,33
CCGTTCACACATTCGA-1,◯,,10,33
CCGTTCACATTGGGCC-1,◯,,10,33
CCGTTCAGTTGCCTCT-1,◯,,10,33
CCGTTCATCGGTTCGG-1,◯,,10,33
CCGTTCATCGTTTAGG-1,◯,,10,33
CCTAAAGCAAGCGCTC-1,◯,,10,33
CCTAAAGGTCACTGGC-1,◯,,10,33
CCTAAAGTCCTTCAAT-1,◯,,10,33
CCTACACAGGTGTTAA-1,◯,,10,33
CCTACACGTCGAAAGC-1,◯,,10,33
CCTACACTCCTAGTGA-1,◯,,10,33
CCTACCACAGGTGGAT-1,◯,,10,33
CCTACCAGTAGCACGA-1,◯,,10,33
CCTACCAGTAGCTGCC-1,◯,,10,33
CCTAGCTAGAATGTGT-1,◯,,10,33
CCTAGCTAGACGCTTT-1,◯,,10,33
CCTAGCTAGCAGCCTC-1,◯,,10,33
CCTAGCTAGCGTCTAT-1,◯,,10,33
CCTAGCTAGGATGGAA-1,◯,,10,33
CCTAGCTCACGCCAGT-1,◯,,10,33
CCTAGCTGTGACGCCT-1,◯,,10,33
CCTAGCTGTTCAGCGC-1,◯,,10,33
CCTAGCTTCCTTAATC-1,◯,,10,33
CCTAGCTTCGAACTGT-1,◯,,10,33
CCTATTAAGCGTGTCC-1,◯,,10,33
CCTCAGTCAGCTGTGC-1,◯,,10,33
CCTCAGTGTAAACGCG-1,◯,,10,33
CCTCAGTGTACTCAAC-1,◯,,10,33
CCTCTGAAGAAGATTC-1,◯,,10,33
CCTCTGAAGACAAGCC-1,◯,,10,33
CCTCTGAAGCCACGTC-1,◯,,10,33
CCTCTGAAGGCAGTCA-1,◯,,10,33
CCTCTGACAGCGATCC-1,◯,,10,33
CCTCTGAGTACGCACC-1,◯,,10,33
CCTTACGCACTACAGT-1,◯,,10,33
CCTTACGGTTCCACAA-1,◯,,10,33
CCTTACGTCATTGCGA-1,◯,,10,33
CCTTACGTCGTACCGG-1,◯,,10,33
CCTTCCCAGTCGAGTG-1,◯,,10,33
CCTTCCCCAGGAACGT-1,◯,,10,33
CCTTCCCGTTCGCGAC-1,◯,,10,33
CCTTCGAAGCACACAG-1,◯,,10,33
CCTTCGAAGCTAAGAT-1,◯,,10,33
CCTTCGACAATCTACG-1,◯,,10,33
CCTTCGACACGAAAGC-1,◯,,10,33
CCTTTCTAGAGATGAG-1,◯,,10,33
CCTTTCTAGATGCGAC-1,◯,,10,33
CCTTTCTAGGAGTAGA-1,◯,,10,33
CCTTTCTAGGTTACCT-1,◯,,10,33
CCTTTCTTCACGCGGT-1,◯,,10,33
CCTTTCTTCAGGATCT-1,◯,,10,33
CCTTTCTTCATAACCG-1,◯,,10,33
CGAACATAGGACACCA-1,◯,,10,33
CGAACATCAAGAAAGG-1,◯,,10,33
CGAACATTCAGAGGTG-1,◯,,10,33
CGAATGTAGCTCCTTC-1,◯,,10,33
CGAATGTCAGCATGAG-1,◯,,10,33
CGAATGTGTATTAGCC-1,◯,,10,33
CGAATGTGTCTGCAAT-1,◯,,10,33
CGAATGTTCGAGGTAG-1,◯,,10,33
CGAATGTTCTTTAGTC-1,◯,,10,33
CGACCTTAGGGAAACA-1,◯,,10,33
CGACCTTAGTAACCCT-1,◯,,10,33
CGACCTTAGTGGCACA-1,◯,,10,33
CGACCTTCAAAGGCGT-1,◯,,10,33
CGACCTTCAAGTCATC-1,◯,,10,33
CGACCTTCAATGGATA-1,◯,,10,33
CGACCTTCATCATCCC-1,◯,,10,33
CGACCTTGTATCGCAT-1,◯,,10,33
CGACCTTGTTTCGCTC-1,◯,,10,33
CGACCTTTCAACGCTA-1,◯,,10,33
CGACCTTTCAGAGCTT-1,◯,,10,33
CGACTTCAGCTAGTCT-1,◯,,10,33
CGACTTCAGGGCTTGA-1,◯,,10,33
CGACTTCCACTCAGGC-1,◯,,10,33
CGACTTCCATGCATGT-1,◯,,10,33
CGACTTCCATGCGCAC-1,◯,,10,33
CGACTTCGTCGGGTCT-1,◯,,10,33
CGACTTCGTGAACCTT-1,◯,,10,33
CGACTTCTCACGATGT-1,◯,,10,33
CGACTTCTCATGTCCC-1,◯,,10,33
CGAGAAGCAAGGCTCC-1,◯,,10,33
CGAGAAGCAGTAGAGC-1,◯,,10,33
CGAGAAGTCACCTCGT-1,◯,,10,33
CGAGCACAGGACGAAA-1,◯,,10,33
CGAGCACGTATAGTAG-1,◯,,10,33
CGAGCACTCAAACAAG-1,◯,,10,33
CGAGCCACACATTTCT-1,◯,,10,33
CGAGCCACATCTATGG-1,◯,,10,33
CGAGCCACATGCAACT-1,◯,,10,33
CGAGCCAGTAAGAGAG-1,◯,,10,33
CGAGCCATCATATCGG-1,◯,,10,33
CGATCGGCACAGACAG-1,◯,,10,33
CGATCGGGTCAGAATA-1,◯,,10,33
CGATCGGGTGTGGCTC-1,◯,,10,33
CGATCGGGTTTGTGTG-1,◯,,10,33
CGATGGCAGGGTGTTG-1,◯,,10,33
CGATGGCGTTTACTCT-1,◯,,10,33
CGATGTATCGAATGCT-1,◯,,10,33
CGATGTATCGTGGACC-1,◯,,10,33
CGATTGAAGATCGATA-1,◯,,10,33
CGATTGAAGCTGAAAT-1,◯,,10,33
CGATTGAAGTCACGCC-1,◯,,10,33
CGATTGACAGTTTACG-1,◯,,10,33
CGATTGAGTATAGGTA-1,◯,,10,33
CGATTGATCCGGGTGT-1,◯,,10,33
CGCCAAGAGCTAGTGG-1,◯,,10,33
CGCCAAGCACCGCTAG-1,◯,,10,33
CGCCAAGGTATAAACG-1,◯,,10,33
CGCGGTAAGGCGTACA-1,◯,,10,33
CGCGGTAAGGCTCTTA-1,◯,,10,33
CGCGGTAAGTTAACGA-1,◯,,10,33
CGCGGTAGTCAAAGAT-1,◯,,10,33
CGCGGTAGTCTTTCAT-1,◯,,10,33
CGCGGTAGTGATGATA-1,◯,,10,33
CGCGGTATCACCGTAA-1,◯,,10,33
CGCGGTATCATCATTC-1,◯,,10,33
CGCGGTATCGTCCAGG-1,◯,,10,33
CGCGGTATCTGTTGAG-1,◯,,10,33
CGCGTTTAGCCAGTTT-1,◯,,10,33
CGCGTTTAGCTTATCG-1,◯,,10,33
CGCGTTTAGTGTACGG-1,◯,,10,33
CGCGTTTGTAGCGTCC-1,◯,,10,33
CGCGTTTGTCCGTTAA-1,◯,,10,33
CGCGTTTTCCTCTAGC-1,◯,,10,33
CGCGTTTTCTTGTCAT-1,◯,,10,33
CGCTATCAGTCACGCC-1,◯,,10,33
CGCTATCCAAAGTGCG-1,◯,,10,33
CGCTATCCAAGCGAGT-1,◯,,10,33
CGCTATCCATGGGAAC-1,◯,,10,33
CGCTATCGTCAGCTAT-1,◯,,10,33
CGCTATCGTCGTGGCT-1,◯,,10,33
CGCTATCGTGACTCAT-1,◯,,10,33
CGCTATCTCAGGTAAA-1,◯,,10,33
CGCTGGACAAGCGTAG-1,◯,,10,33
CGCTGGAGTCTGCGGT-1,◯,,10,33
CGCTGGAGTTCAGCGC-1,◯,,10,33
CGCTGGATCAGCACAT-1,◯,,10,33
CGCTGGATCATTGCCC-1,◯,,10,33
CGCTTCAAGAGACTTA-1,◯,,10,33
CGCTTCAAGGCGACAT-1,◯,,10,33
CGCTTCAGTCTAGCGC-1,◯,,10,33
CGCTTCAGTTCTGTTT-1,◯,,10,33
CGGACACAGGCTCAGA-1,◯,,10,33
CGGACACAGTATTGGA-1,◯,,10,33
CGGACACAGTCGTTTG-1,◯,,10,33
CGGACACCACGTCAGC-1,◯,,10,33
CGGACACCACTATCTT-1,◯,,10,33
CGGACACCATTAACCG-1,◯,,10,33
CGGACACGTGTGACGA-1,◯,,10,33
CGGACACTCATACGGT-1,◯,,10,33
CGGACACTCTGGGCCA-1,◯,,10,33
CGGACGTAGAATTGTG-1,◯,,10,33
CGGACGTAGATCACGG-1,◯,,10,33
CGGACGTCAAGCCATT-1,◯,,10,33
CGGACGTCACATAACC-1,◯,,10,33
CGGACGTGTAGGGTAC-1,◯,,10,33
CGGACGTGTCAAAGCG-1,◯,,10,33
CGGACGTGTCATCCCT-1,◯,,10,33
CGGACGTTCGCCCTTA-1,◯,,10,33
CGGACTGAGTGAACAT-1,◯,,10,33
CGGACTGGTTACCGAT-1,◯,,10,33
CGGACTGTCAATCTCT-1,◯,,10,33
CGGAGCTAGACTCGGA-1,◯,,10,33
CGGAGCTAGATCCTGT-1,◯,,10,33
CGGAGCTAGGTTCCTA-1,◯,,10,33
CGGAGCTCAGATCGGA-1,◯,,10,33
CGGAGCTCATCGACGC-1,◯,,10,33
CGGAGCTGTCCTAGCG-1,◯,,10,33
CGGAGCTGTCTGCGGT-1,◯,,10,33
CGGAGCTGTGTCCTCT-1,◯,,10,33
CGGAGCTTCTAGAGTC-1,◯,,10,33
CGGAGTCAGGGCTTCC-1,◯,,10,33
CGGAGTCAGTGCGATG-1,◯,,10,33
CGGAGTCAGTGGCACA-1,◯,,10,33
CGGAGTCCAGCCTATA-1,◯,,10,33
CGGAGTCCATTCCTGC-1,◯,,10,33
CGGAGTCGTAGCGTCC-1,◯,,10,33
CGGAGTCGTCCGTGAC-1,◯,,10,33
CGGAGTCGTGACGGTA-1,◯,,10,33
CGGCTAGCACAACGTT-1,◯,,10,33
CGGCTAGCACAAGCCC-1,◯,,10,33
CGGCTAGCAGGTGGAT-1,◯,,10,33
CGGCTAGGTATAGGGC-1,◯,,10,33
CGGCTAGGTTGAGGTG-1,◯,,10,33
CGGCTAGTCACATGCA-1,◯,,10,33
CGGCTAGTCTACCTGC-1,◯,,10,33
CGGGTCAAGTCAATAG-1,◯,,10,33
CGGGTCACACATCCAA-1,◯,,10,33
CGGGTCACATGCATGT-1,◯,,10,33
CGGGTCACATTCACTT-1,◯,,10,33
CGGGTCACATTCGACA-1,◯,,10,33
CGGGTCAGTAAGGGAA-1,◯,,10,33
CGGGTCAGTTTAGGAA-1,◯,,10,33
CGGGTCATCCTTAATC-1,◯,,10,33
CGGGTCATCGGCCGAT-1,◯,,10,33
CGGGTCATCTCGTATT-1,◯,,10,33
CGGTTAAAGAGGGATA-1,◯,,10,33
CGGTTAAAGCCTATGT-1,◯,,10,33
CGGTTAAAGGTTCCTA-1,◯,,10,33
CGGTTAACAAGACACG-1,◯,,10,33
CGGTTAACATTGGCGC-1,◯,,10,33
CGGTTAAGTCGCATAT-1,◯,,10,33
CGGTTAAGTGGACGAT-1,◯,,10,33
CGGTTAATCAAGATCC-1,◯,,10,33
CGGTTAATCGATAGAA-1,◯,,10,33
CGTAGCGCACGGCGTT-1,◯,,10,33
CGTAGCGGTAGCGCAA-1,◯,,10,33
CGTAGCGGTCATCGGC-1,◯,,10,33
CGTAGGCGTGATAAAC-1,◯,,10,33
CGTAGGCTCCTGTAGA-1,◯,,10,33
CGTCACTAGACAAGCC-1,◯,,10,33
CGTCACTAGTGATCGG-1,◯,,10,33
CGTCACTCATTCTCAT-1,◯,,10,33
CGTCACTGTAGGCATG-1,◯,,10,33
CGTCAGGAGATGGGTC-1,◯,,10,33
CGTCAGGCAAGTCTAC-1,◯,,10,33
CGTCAGGCAGTTTACG-1,◯,,10,33
CGTCAGGGTCCGAACC-1,◯,,10,33
CGTCAGGTCATCTGTT-1,◯,,10,33
CGTCAGGTCGCTAGCG-1,◯,,10,33
CGTCAGGTCGGACAAG-1,◯,,10,33
CGTCCATAGAAACCGC-1,◯,,10,33
CGTCCATAGATCCTGT-1,◯,,10,33
CGTCCATGTTAAGGGC-1,◯,,10,33
CGTCCATTCAACGGCC-1,◯,,10,33
CGTCCATTCATGGTCA-1,◯,,10,33
CGTCCATTCCGTTGCT-1,◯,,10,33
CGTCTACCAAGCGTAG-1,◯,,10,33
CGTCTACCAAGTTCTG-1,◯,,10,33
CGTCTACGTAGCGATG-1,◯,,10,33
CGTCTACTCGAACTGT-1,◯,,10,33
CGTGAGCAGGGAACGG-1,◯,,10,33
CGTGAGCCAGACTCGC-1,◯,,10,33
CGTGAGCTCTTGAGGT-1,◯,,10,33
CGTGTAAAGCTGAAAT-1,◯,,10,33
CGTGTAACAGCTCGAC-1,◯,,10,33
CGTGTAAGTACAGACG-1,◯,,10,33
CGTGTAAGTCAAAGCG-1,◯,,10,33
CGTGTAAGTCCATCCT-1,◯,,10,33
CGTGTAAGTTCTGAAC-1,◯,,10,33
CGTGTAATCGCATGGC-1,◯,,10,33
CGTGTCTAGACCCACC-1,◯,,10,33
CGTGTCTAGATCCGAG-1,◯,,10,33
CGTGTCTAGCGTGTCC-1,◯,,10,33
CGTGTCTAGGTCGGAT-1,◯,,10,33
CGTGTCTCACATAACC-1,◯,,10,33
CGTGTCTCATGGTCTA-1,◯,,10,33
CGTGTCTCATTAGCCA-1,◯,,10,33
CGTGTCTGTTCCCTTG-1,◯,,10,33
CGTGTCTGTTCTCATT-1,◯,,10,33
CGTGTCTGTTGTGGCC-1,◯,,10,33
CGTTAGAAGCAGGTCA-1,◯,,10,33
CGTTAGAAGGTGACCA-1,◯,,10,33
CGTTAGAAGTGCCATT-1,◯,,10,33
CGTTAGAAGTGGTAGC-1,◯,,10,33
CGTTAGACACGGTAGA-1,◯,,10,33
CGTTAGACATCGGACC-1,◯,,10,33
CGTTAGAGTTACCAGT-1,◯,,10,33
CGTTAGATCAGAGACG-1,◯,,10,33
CGTTCTGAGCAGATCG-1,◯,,10,33
CGTTCTGAGCGTTCCG-1,◯,,10,33
CGTTCTGAGGAATTAC-1,◯,,10,33
CGTTCTGCAGCATACT-1,◯,,10,33
CGTTCTGCATATGAGA-1,◯,,10,33
CGTTCTGGTCGCCATG-1,◯,,10,33
CGTTCTGGTTGGACCC-1,◯,,10,33
CGTTCTGGTTTAAGCC-1,◯,,10,33
CGTTGGGAGCCACGCT-1,◯,,10,33
CGTTGGGCACAACGTT-1,◯,,10,33
CGTTGGGCAGACGCAA-1,◯,,10,33
CGTTGGGCATAGACTC-1,◯,,10,33
CGTTGGGGTCGCGGTT-1,◯,,10,33
CGTTGGGGTCGTTGTA-1,◯,,10,33
CGTTGGGGTGCCTTGG-1,◯,,10,33
CGTTGGGTCACCCGAG-1,◯,,10,33
CGTTGGGTCAGCGACC-1,◯,,10,33
CGTTGGGTCGCGATCG-1,◯,,10,33
CTAACTTCAGCATGAG-1,◯,,10,33
CTAACTTGTACCATCA-1,◯,,10,33
CTAACTTGTCGTGGCT-1,◯,,10,33
CTAACTTTCAGGATCT-1,◯,,10,33
CTAACTTTCTTAACCT-1,◯,,10,33
CTAAGACAGACTAAGT-1,◯,,10,33
CTAAGACAGCGTTTAC-1,◯,,10,33
CTAAGACAGGCCCGTT-1,◯,,10,33
CTAAGACAGGGTTCCC-1,◯,,10,33
CTAAGACAGTTCGCGC-1,◯,,10,33
CTAAGACGTATAGTAG-1,◯,,10,33
CTAAGACTCAAGATCC-1,◯,,10,33
CTAAGACTCGGTCTAA-1,◯,,10,33
CTAAGACTCTCTGTCG-1,◯,,10,33
CTAAGACTCTGGTGTA-1,◯,,10,33
CTAAGACTCTTCCTTC-1,◯,,10,33
CTAATGGAGATGTGTA-1,◯,,10,33
CTAATGGCATCGGACC-1,◯,,10,33
CTAATGGCATTTCACT-1,◯,,10,33
CTAATGGGTACCGGCT-1,◯,,10,33
CTAATGGTCAACGAAA-1,◯,,10,33
CTAATGGTCAATCACG-1,◯,,10,33
CTAATGGTCATTCACT-1,◯,,10,33
CTAATGGTCCATGCTC-1,◯,,10,33
CTAATGGTCCGTTGTC-1,◯,,10,33
CTACACCCAGCGTTCG-1,◯,,10,33
CTACACCCATGACATC-1,◯,,10,33
CTACACCGTAGCGTAG-1,◯,,10,33
CTACACCGTGCGAAAC-1,◯,,10,33
CTACACCTCCTTGACC-1,◯,,10,33
CTACATTAGTTCGCAT-1,◯,,10,33
CTACATTCAAGGCTCC-1,◯,,10,33
CTACATTCACCGGAAA-1,◯,,10,33
CTACATTCAGCTGTTA-1,◯,,10,33
CTACATTGTCTCATCC-1,◯,,10,33
CTACCCAAGAAACCAT-1,◯,,10,33
CTACCCAAGGCAGTCA-1,◯,,10,33
CTACCCACAGCCTTTC-1,◯,,10,33
CTACCCACATTAGCCA-1,◯,,10,33
CTACCCAGTATAGGTA-1,◯,,10,33
CTACCCAGTGTATGGG-1,◯,,10,33
CTACCCATCGCCGTGA-1,◯,,10,33
CTACGTCAGTCAAGGC-1,◯,,10,33
CTACGTCCACCAGCAC-1,◯,,10,33
CTACGTCGTAGCTAAA-1,◯,,10,33
CTACGTCGTTGACGTT-1,◯,,10,33
CTACGTCTCATCGATG-1,◯,,10,33
CTACGTCTCCTGTACC-1,◯,,10,33
CTAGAGTGTAGATTAG-1,◯,,10,33
CTAGAGTGTATTAGCC-1,◯,,10,33
CTAGAGTGTCAAAGAT-1,◯,,10,33
CTAGAGTGTTCACGGC-1,◯,,10,33
CTAGAGTTCTCAAGTG-1,◯,,10,33
CTAGCCTAGCTCAACT-1,◯,,10,33
CTAGCCTAGGGAACGG-1,◯,,10,33
CTAGCCTCAAACGCGA-1,◯,,10,33
CTAGCCTTCTACTATC-1,◯,no,10,33
CTAGTGAAGGGCTTCC-1,◯,,10,33
CTAGTGAAGTGTGGCA-1,◯,,10,33
CTAGTGAGTGCCTGCA-1,◯,,10,33
CTAGTGATCACTGGGC-1,◯,,10,33
CTCACACAGATGGGTC-1,◯,,10,33
CTCACACAGTTCGATC-1,◯,,10,33
CTCACACCACCAGATT-1,◯,,10,33
CTCACACCAGGCAGTA-1,◯,,10,33
CTCACACCATACGCCG-1,◯,,10,33
CTCACACGTCGACTGC-1,◯,,10,33
CTCACACGTGTTCGAT-1,◯,,10,33
CTCACACTCTATCCTA-1,◯,,10,33
CTCAGAAAGCCGTCGT-1,◯,,10,33
CTCAGAAAGTCATGCT-1,◯,,10,33
CTCAGAAAGTTAGCGG-1,◯,,10,33
CTCAGAAGTGTTAAGA-1,◯,,10,33
CTCATTAAGGCATGGT-1,◯,,10,33
CTCATTACATGCCACG-1,◯,,10,33
CTCATTAGTCCGAACC-1,◯,,10,33
CTCATTAGTTGCGCAC-1,◯,,10,33
CTCATTATCGCCGTGA-1,◯,,10,33
CTCATTATCTGGTTCC-1,◯,,10,33
CTCCTAGAGAAGATTC-1,◯,,10,33
CTCCTAGAGATGGGTC-1,◯,,10,33
CTCCTAGAGCAACGGT-1,◯,,10,33
CTCCTAGAGCGAAGGG-1,◯,,10,33
CTCCTAGAGGACAGCT-1,◯,,10,33
CTCCTAGCAGACGCCT-1,◯,,10,33
CTCCTAGCAGGCAGTA-1,◯,,10,33
CTCCTAGGTCTCAACA-1,◯,,10,33
CTCCTAGGTGCTCTTC-1,◯,,10,33
CTCCTAGGTTATCCGA-1,◯,,10,33
CTCGAAAAGAGTACAT-1,◯,,10,33
CTCGAAAAGCGATGAC-1,◯,,10,33
CTCGAAACACTAAGTC-1,◯,,10,33
CTCGAAAGTGACTACT-1,◯,,10,33
CTCGAAAGTGTTCTTT-1,◯,,10,33
CTCGAAATCGCGGATC-1,◯,,10,33
CTCGAGGAGTAGATGT-1,◯,,10,33
CTCGAGGCACACCGAC-1,◯,,10,33
CTCGAGGCAGCTGGCT-1,◯,,10,33
CTCGAGGCATGGGACA-1,◯,,10,33
CTCGAGGGTGTGAAAT-1,◯,,10,33
CTCGAGGTCACTCTTA-1,◯,,10,33
CTCGGAGAGCCCTAAT-1,◯,,10,33
CTCGGAGAGGCTAGCA-1,◯,,10,33
CTCGGAGGTCTAAACC-1,◯,,10,33
CTCGGAGTCTGCTGTC-1,◯,,10,33
CTCGGGACAAAGGCGT-1,◯,,10,33
CTCGGGACACAGACAG-1,◯,,10,33
CTCGGGACAGATGGCA-1,◯,,10,33
CTCGGGACAGCAGTTT-1,◯,,10,33
CTCGGGACAGGTGGAT-1,◯,,10,33
CTCGGGAGTGATGATA-1,◯,,10,33
CTCGGGATCTAACCGA-1,◯,,10,33
CTCGTACAGCCCAGCT-1,◯,,10,33
CTCGTACAGTATCTCG-1,◯,,10,33
CTCGTACCACGGCCAT-1,◯,,10,33
CTCGTACGTCTGGAGA-1,◯,,10,33
CTCGTCAAGGCGCTCT-1,◯,,10,33
CTCGTCAAGGCTACGA-1,◯,,10,33
CTCGTCAAGGGATGGG-1,◯,,10,33
CTCGTCACAGACGTAG-1,◯,,10,33
CTCGTCACATGCCTTC-1,◯,,10,33
CTCGTCATCACTTACT-1,◯,,10,33
CTCGTCATCAGGCAAG-1,◯,,10,33
CTCTAATAGCTGATAA-1,◯,,10,33
CTCTAATAGTCCTCCT-1,◯,,10,33
CTCTAATCAAGGCTCC-1,◯,,10,33
CTCTAATCACGGACAA-1,◯,,10,33
CTCTAATGTAGGACAC-1,◯,,10,33
CTCTAATTCATGGTCA-1,◯,,10,33
CTCTACGAGTGCGTGA-1,◯,,10,33
CTCTACGCAATAGAGT-1,◯,,10,33
CTCTACGCACCAGCAC-1,◯,,10,33
CTCTACGCAGGCAGTA-1,◯,,10,33
CTCTACGCATCCCATC-1,◯,,10,33
CTCTACGGTCAGGACA-1,◯,,10,33
CTCTACGGTGCCTTGG-1,◯,,10,33
CTCTACGTCCAATGGT-1,◯,,10,33
CTCTGGTAGATCCCAT-1,◯,,10,33
CTCTGGTAGATCCCGC-1,◯,,10,33
CTCTGGTAGGAGCGTT-1,◯,,10,33
CTCTGGTCATTCGACA-1,◯,,10,33
CTCTGGTGTCCTCTTG-1,◯,,10,33
CTCTGGTTCAGCTCGG-1,◯,,10,33
CTCTGGTTCTCTGAGA-1,◯,,10,33
CTGAAACAGTGCAAGC-1,◯,,10,33
CTGAAACAGTGGGTTG-1,◯,,10,33
CTGAAACAGTTGTAGA-1,◯,,10,33
CTGAAACCATATGGTC-1,◯,,10,33
CTGAAACGTCGAATCT-1,◯,,10,33
CTGAAACGTGTTTGGT-1,◯,,10,33
CTGAAACGTTAAGGGC-1,◯,,10,33
CTGAAACTCCCTCTTT-1,◯,,10,33
CTGAAACTCGGTCCGA-1,◯,,10,33
CTGAAGTAGTGTTTGC-1,◯,,10,33
CTGAAGTGTACCCAAT-1,◯,,10,33
CTGAAGTTCTGTCAAG-1,◯,,10,33
CTGATAGAGTACGTTC-1,◯,,10,33
CTGATAGAGTTGCAGG-1,◯,,10,33
CTGATAGGTCCGAACC-1,◯,,10,33
CTGATAGTCTGCCCTA-1,◯,,10,33
CTGATAGTCTTGTTTG-1,◯,,10,33
CTGATCCAGAGACTTA-1,◯,,10,33
CTGATCCCAAGCCGCT-1,◯,,10,33
CTGATCCGTTGATTCG-1,◯,,10,33
CTGATCCTCAATACCG-1,◯,,10,33
CTGATCCTCTTAGAGC-1,◯,,10,33
CTGCCTAAGCGAGAAA-1,◯,,10,33
CTGCCTACACTCGACG-1,◯,,10,33
CTGCCTATCCACTCCA-1,◯,,10,33
CTGCCTATCGCGGATC-1,◯,,10,33
CTGCGGATCGTGGTCG-1,◯,,10,33
CTGCTGTAGAGAACAG-1,◯,,10,33
CTGCTGTAGCGATCCC-1,◯,,10,33
CTGCTGTCACACCGCA-1,◯,,10,33
CTGCTGTGTAGAGCTG-1,◯,,10,33
CTGCTGTGTCATCCCT-1,◯,,10,33
CTGCTGTGTCGTTGTA-1,◯,,10,33
CTGCTGTTCGTCCAGG-1,◯,,10,33
CTGGTCTAGTTTCCTT-1,◯,,10,33
CTGGTCTCACAACGTT-1,◯,,10,33
CTGGTCTGTCTTCAAG-1,◯,,10,33
CTGGTCTTCAGCTCGG-1,◯,,10,33
CTGGTCTTCCGTAGGC-1,◯,,10,33
CTGTGCTGTAAGCACG-1,◯,,10,33
CTGTGCTGTGGTGTAG-1,◯,,10,33
CTGTGCTGTTCCCTTG-1,◯,,10,33
CTGTGCTTCTACCAGA-1,◯,,10,33
CTGTTTAAGGAATCGC-1,◯,,10,33
CTGTTTACAAGTTCTG-1,◯,,10,33
CTGTTTACACTAAGTC-1,◯,,10,33
CTGTTTACAGAGTGTG-1,◯,,10,33
CTGTTTAGTTAGGGTG-1,◯,,10,33
CTTAACTAGCAATCTC-1,◯,,10,33
CTTAACTCAATAGCAA-1,◯,,10,33
CTTAACTCAGGACCCT-1,◯,,10,33
CTTAACTGTCGTGGCT-1,◯,,10,33
CTTAACTGTCTAGAGG-1,◯,,10,33
CTTAACTGTTACTGAC-1,◯,,10,33
CTTAACTTCCAGTAGT-1,◯,,10,33
CTTAACTTCGCAAACT-1,◯,,10,33
CTTACCGAGGGCATGT-1,◯,,10,33
CTTACCGAGTCCGGTC-1,◯,,10,33
CTTACCGCACTGTCGG-1,◯,,10,33
CTTACCGGTCATTAGC-1,◯,,10,33
CTTACCGTCATCGGAT-1,◯,,10,33
CTTAGGACATGGTTGT-1,◯,,10,33
CTTAGGAGTCGTCTTC-1,◯,,10,33
CTTAGGAGTGCGAAAC-1,◯,,10,33
CTTAGGAGTTATCACG-1,◯,,10,33
CTTAGGATCACTCTTA-1,◯,,10,33
CTTCTCTAGAGGGATA-1,◯,,10,33
CTTCTCTAGCGATCCC-1,◯,,10,33
CTTCTCTAGGAGTACC-1,◯,,10,33
CTTCTCTCAACTGCGC-1,◯,,10,33
CTTCTCTCATCCCACT-1,◯,,10,33
CTTCTCTCATCGGACC-1,◯,,10,33
CTTCTCTCATGTTGAC-1,◯,,10,33
CTTCTCTGTAACGCGA-1,◯,,10,33
CTTCTCTGTCTCACCT-1,◯,,10,33
CTTCTCTTCAATACCG-1,◯,,10,33
CTTCTCTTCACAGGCC-1,◯,,10,33
CTTCTCTTCCGCATCT-1,◯,,10,33
CTTCTCTTCCTAGTGA-1,◯,,10,33
CTTCTCTTCGATAGAA-1,◯,,10,33
CTTCTCTTCTCGCTTG-1,◯,,10,33
CTTGGCTAGTACGTTC-1,◯,,10,33
CTTGGCTCACACGCTG-1,◯,,10,33
CTTGGCTCAGTTCCCT-1,◯,,10,33
CTTGGCTTCGCAAGCC-1,◯,,10,33
CTTTGCGAGACACGAC-1,◯,,10,33
CTTTGCGAGCAGGTCA-1,◯,,10,33
CTTTGCGAGGATGCGT-1,◯,,10,33
CTTTGCGAGTGCCAGA-1,◯,,10,33
CTTTGCGAGTGTACGG-1,◯,,10,33
CTTTGCGTCGCCTGTT-1,◯,,10,33
GAAACTCAGTGTACTC-1,◯,,10,33
GAAACTCGTCGGCTCA-1,◯,,10,33
GAAACTCGTTCATGGT-1,◯,,10,33
GAAACTCTCCCTGACT-1,◯,,10,33
GAAACTCTCTGGTGTA-1,◯,,10,33
GAAATGAAGAATGTTG-1,◯,,10,33
GAAATGAAGAATTCCC-1,◯,,10,33
GAAATGAAGTCCAGGA-1,◯,,10,33
GAAATGAAGTCCGGTC-1,◯,,10,33
GAAATGACAAATCCGT-1,◯,,10,33
GAAATGACAAGCTGTT-1,◯,,10,33
GAAATGACATTTCACT-1,◯,,10,33
GAAATGAGTGTGAAAT-1,◯,,10,33
GAAATGATCACATAGC-1,◯,,10,33
GAAATGATCATCGATG-1,◯,,10,33
GAACATCAGCGAAGGG-1,◯,,10,33
GAACATCAGCTGAACG-1,◯,,10,33
GAACATCAGGTGCAAC-1,◯,,10,33
GAACATCAGTCAATAG-1,◯,,10,33
GAACATCAGTCTCGGC-1,◯,,10,33
GAACATCCATCGATGT-1,◯,,10,33
GAACATCCATGCTAGT-1,◯,,10,33
GAACATCGTAAAGTCA-1,◯,,10,33
GAACATCGTCGCATAT-1,◯,,10,33
GAACATCTCAAACCAC-1,◯,,10,33
GAACCTAAGGTAGCTG-1,◯,,10,33
GAACCTAGTCCATCCT-1,◯,,10,33
GAACCTATCAGCATGT-1,◯,,10,33
GAACCTATCAGGTAAA-1,◯,,10,33
GAACCTATCGCGGATC-1,◯,,10,33
GAACGGAAGCTCTCGG-1,◯,,10,33
GAACGGATCTGGCGAC-1,◯,,10,33
GAAGCAGAGAATAGGG-1,◯,,10,33
GAAGCAGCAATAGAGT-1,◯,,10,33
GAAGCAGTCCATGAAC-1,◯,,10,33
GAAGCAGTCTCTGAGA-1,◯,,10,33
GAATAAGAGCAACGGT-1,◯,,10,33
GAATAAGAGCTGAACG-1,◯,,10,33
GAATAAGAGTTAGCGG-1,◯,,10,33
GAATAAGCAGGTGCCT-1,◯,,10,33
GAATAAGTCAGTCCCT-1,◯,,10,33
GAATAAGTCCCTGACT-1,◯,,10,33
GAATGAAAGACCTTTG-1,◯,,10,33
GAATGAAAGCGATCCC-1,◯,,10,33
GAATGAAAGGCTCAGA-1,◯,,10,33
GAATGAAAGTGAATTG-1,◯,,10,33
GAATGAACAAGGGTCA-1,◯,,10,33
GAATGAACACATTAGC-1,◯,,10,33
GAATGAACAGGATCGA-1,◯,,10,33
GAATGAACATAGTAAG-1,◯,,10,33
GAATGAAGTGAAGGCT-1,◯,,10,33
GAATGAATCGTTGCCT-1,◯,,10,33
GACACGCAGAGCTGGT-1,◯,,10,33
GACACGCAGGTAAACT-1,◯,,10,33
GACACGCAGTAGCCGA-1,◯,,10,33
GACACGCAGTGTACCT-1,◯,,10,33
GACACGCCAAAGCAAT-1,◯,,10,33
GACACGCCATACAGCT-1,◯,,10,33
GACACGCGTTCCATGA-1,◯,,10,33
GACAGAGAGTGTCTCA-1,◯,,10,33
GACAGAGCATTAGCCA-1,◯,,10,33
GACAGAGGTGATGATA-1,◯,,10,33
GACCAATAGCGTAATA-1,◯,,10,33
GACCAATCAAGTCATC-1,◯,,10,33
GACCAATCAAGTCTAC-1,◯,,10,33
GACCAATCATTAGGCT-1,◯,,10,33
GACCAATGTCTTCTCG-1,◯,,10,33
GACCAATGTGCCTGGT-1,◯,,10,33
GACCTGGAGCAAATCA-1,◯,,10,33
GACCTGGAGTGGCACA-1,◯,,10,33
GACCTGGCATCCAACA-1,◯,,10,33
GACCTGGGTATGAAAC-1,◯,,10,33
GACCTGGGTGCGCTTG-1,◯,,10,33
GACCTGGTCTTCAACT-1,◯,,10,33
GACGCGTAGAGACTTA-1,◯,,10,33
GACGCGTAGTACCGGA-1,◯,,10,33
GACGCGTGTCTCACCT-1,◯,,10,33
GACGCGTGTGTAACGG-1,◯,,10,33
GACGCGTGTTGTGGCC-1,◯,,10,33
GACGCGTTCGTTGCCT-1,◯,,10,33
GACGGCTAGTTCGCGC-1,◯,,10,33
GACGGCTGTCATATGC-1,◯,,10,33
GACGGCTGTGTGAAAT-1,◯,,10,33
GACGGCTTCGTCGTTC-1,◯,,10,33
GACGTGCAGACGCACA-1,◯,,10,33
GACGTGCCAGGTGGAT-1,◯,,10,33
GACGTGCGTAGGGACT-1,◯,,10,33
GACGTGCGTCTCATCC-1,◯,,10,33
GACGTGCGTTAAGATG-1,◯,,10,33
GACGTGCGTTCGGCAC-1,◯,,10,33
GACGTTAAGACAAGCC-1,◯,,10,33
GACGTTAAGACCTTTG-1,◯,,10,33
GACGTTAAGAGTACCG-1,◯,,10,33
GACGTTAAGCAGCCTC-1,◯,,10,33
GACGTTACACGACGAA-1,◯,,10,33
GACGTTACAGGTCTCG-1,◯,,10,33
GACGTTAGTTTACTCT-1,◯,,10,33
GACGTTATCATCACCC-1,◯,,10,33
GACGTTATCCGCTGTT-1,◯,,10,33
GACGTTATCGTCACGG-1,◯,,10,33
GACGTTATCTGTCAAG-1,◯,,10,33
GACTAACAGCTAACTC-1,◯,,10,33
GACTAACAGCTGGAAC-1,◯,,10,33
GACTAACCAATGAAAC-1,◯,,10,33
GACTAACTCCGTTGCT-1,◯,,10,33
GACTAACTCCTGTAGA-1,◯,,10,33
GACTACAAGGCCCTCA-1,◯,,10,33
GACTACACATCGACGC-1,◯,,10,33
GACTACAGTCTAGGTT-1,◯,,10,33
GACTACAGTTAAGTAG-1,◯,,10,33
GACTGCGAGAATTGTG-1,◯,,10,33
GACTGCGAGAGGGCTT-1,◯,,10,33
GACTGCGCAGGTGCCT-1,◯,,10,33
GACTGCGGTCTCTTTA-1,◯,,10,33
GACTGCGTCCCGACTT-1,◯,,10,33
GAGCAGAAGGCTATCT-1,◯,,10,33
GAGCAGAAGGGTGTTG-1,◯,,10,33
GAGCAGAGTACCATCA-1,◯,,10,33
GAGCAGATCAGGTAAA-1,◯,,10,33
GAGCAGATCTTACCGC-1,◯,,10,33
GAGGTGAAGTGGAGAA-1,◯,,10,33
GAGGTGAGTACAGTGG-1,◯,,10,33
GAGGTGAGTTGCTCCT-1,◯,,10,33
GAGTCCGAGCGGCTTC-1,◯,,10,33
GAGTCCGAGTCATGCT-1,◯,,10,33
GAGTCCGAGTTATCGC-1,◯,,10,33
GAGTCCGCACAACGCC-1,◯,,10,33
GAGTCCGCAGACAGGT-1,◯,,10,33
GAGTCCGTCGATAGAA-1,◯,,10,33
GAGTCCGTCTCTGCTG-1,◯,,10,33
GATCAGTAGACGCACA-1,◯,,10,33
GATCAGTAGCTGGAAC-1,◯,,10,33
GATCAGTGTACAAGTA-1,◯,,10,33
GATCAGTGTCATATGC-1,◯,,10,33
GATCAGTGTTCCACGG-1,◯,,10,33
GATCAGTTCACAGGCC-1,◯,,10,33
GATCAGTTCTGCGTAA-1,◯,,10,33
GATCGATAGAAACCTA-1,◯,,10,33
GATCGATAGAGGTTGC-1,◯,,10,33
GATCGATAGATGGGTC-1,◯,,10,33
GATCGATAGGTGTTAA-1,◯,,10,33
GATCGATGTCTAGCCG-1,◯,,10,33
GATCGATGTGGGTCAA-1,◯,,10,33
GATCGATTCGTTACGA-1,◯,,10,33
GATCGATTCTACTCAT-1,◯,,10,33
GATCGCGAGCCACGCT-1,◯,,10,33
GATCGCGAGGCATTGG-1,◯,,10,33
GATCGCGCATCACCCT-1,◯,,10,33
GATCGCGGTAACGACG-1,◯,,10,33
GATCGCGGTGCCTGCA-1,◯,,10,33
GATCGTACAGGTCTCG-1,◯,,10,33
GATCGTAGTACCGTTA-1,◯,,10,33
GATCGTATCACGACTA-1,◯,,10,33
GATCGTATCATCTGTT-1,◯,,10,33
GATCGTATCCTGCTTG-1,◯,,10,33
GATCTAGAGCGTAATA-1,◯,,10,33
GATCTAGAGTAGCCGA-1,◯,,10,33
GATCTAGAGTCCAGGA-1,◯,,10,33
GATCTAGAGTTATCGC-1,◯,,10,33
GATCTAGCAAGGACAC-1,◯,,10,33
GATCTAGCACGGTAGA-1,◯,,10,33
GATCTAGCAGGGTTAG-1,◯,,10,33
GATCTAGTCAGTTGAC-1,◯,,10,33
GATGAAACAAAGCGGT-1,◯,,10,33
GATGAAACACGAGAGT-1,◯,,10,33
GATGAAACACTCGACG-1,◯,,10,33
GATGAAAGTATGCTTG-1,◯,,10,33
GATGAAAGTTCGTCTC-1,◯,,10,33
GATGAAATCACAAACC-1,◯,,10,33
GATGAAATCGTTGCCT-1,◯,,10,33
GATGAGGAGAAACCGC-1,◯,,10,33
GATGAGGAGGAGTCTG-1,◯,,10,33
GATGAGGAGTACGTAA-1,◯,,10,33
GATGAGGAGTCCCACG-1,◯,,10,33
GATGAGGAGTTTGCGT-1,◯,,10,33
GATGAGGCACGGCTAC-1,◯,,10,33
GATGAGGGTAGCTAAA-1,◯,,10,33
GATGAGGTCCTAGTGA-1,◯,,10,33
GATGCTAAGATATGCA-1,◯,,10,33
GATGCTAAGTAGGTGC-1,◯,,10,33
GATGCTACAATACGCT-1,◯,,10,33
GATGCTACATCAGTAC-1,◯,,10,33
GATGCTATCCACGTTC-1,◯,,10,33
GATTCAGAGATGTAAC-1,◯,,10,33
GATTCAGAGCTGCGAA-1,◯,,10,33
GATTCAGCAAGGTGTG-1,◯,,10,33
GATTCAGCAAGTTGTC-1,◯,,10,33
GATTCAGGTCTCTCTG-1,◯,,10,33
GATTCAGGTTTGGGCC-1,◯,,10,33
GCAAACTAGAATCTCC-1,◯,,10,33
GCAAACTAGTACCGGA-1,◯,,10,33
GCAAACTCAAGGTTTC-1,◯,,10,33
GCAAACTGTAATCACC-1,◯,,10,33
GCAAACTGTCATATGC-1,◯,,10,33
GCAAACTGTCGCGGTT-1,◯,,10,33
GCAATCAAGAAGAAGC-1,◯,,10,33
GCAATCAGTCCTCTTG-1,◯,,10,33
GCAATCAGTTGATTGC-1,◯,,10,33
GCAATCATCCCTAATT-1,◯,,10,33
GCACATAGTTATTCTC-1,◯,,10,33
GCACTCTAGACTGTAA-1,◯,,10,33
GCACTCTAGCAACGGT-1,◯,,10,33
GCACTCTCAAGCGAGT-1,◯,,10,33
GCACTCTCAGCAGTTT-1,◯,,10,33
GCACTCTCATTCTTAC-1,◯,,10,33
GCACTCTGTACAGTTC-1,◯,,10,33
GCACTCTTCCAACCAA-1,◯,,10,33
GCAGCCACACGAAGCA-1,◯,,10,33
GCAGCCACACTTGGAT-1,◯,,10,33
GCAGTTAGTAAGGGCT-1,◯,,10,33
GCAGTTAGTGGACGAT-1,◯,,10,33
GCAGTTATCAATCACG-1,◯,,10,33
GCAGTTATCATCGCTC-1,◯,,10,33
GCAGTTATCTGGAGCC-1,◯,,10,33
GCATACAAGCCAGGAT-1,◯,,10,33
GCATACAAGCGATAGC-1,◯,,10,33
GCATACAGTAGGAGTC-1,◯,,10,33
GCATACATCACCGGGT-1,◯,,10,33
GCATACATCATCACCC-1,◯,,10,33
GCATGATAGAGCTTCT-1,◯,,10,33
GCATGATCAGTCCTTC-1,◯,,10,33
GCATGATGTTGCGCAC-1,◯,,10,33
GCATGATTCACCGGGT-1,◯,,10,33
GCATGATTCCCAAGAT-1,◯,,10,33
GCATGATTCCCATTAT-1,◯,,10,33
GCATGATTCGTTGACA-1,◯,,10,33
GCATGATTCTAGAGTC-1,◯,,10,33
GCATGCGAGATGAGAG-1,◯,,10,33
GCATGCGAGGGTGTTG-1,◯,,10,33
GCATGCGGTAGCACGA-1,◯,,10,33
GCATGTAAGATCTGCT-1,◯,,10,33
GCATGTACAATGCCAT-1,◯,,10,33
GCATGTACAGCCTTGG-1,◯,,10,33
GCATGTAGTAGGAGTC-1,◯,,10,33
GCATGTAGTCGATTGT-1,◯,,10,33
GCCAAATAGGTGATAT-1,◯,,10,33
GCCAAATAGTTAACGA-1,◯,,10,33
GCCAAATGTCGATTGT-1,◯,,10,33
GCCAAATGTGATGCCC-1,◯,,10,33
GCCAAATGTTACAGAA-1,◯,,10,33
GCCTCTAAGCTGAAAT-1,◯,,10,33
GCCTCTACATTAGCCA-1,◯,,10,33
GCCTCTAGTTAAAGTG-1,◯,,10,33
GCGACCACACATCCGG-1,◯,,10,33
GCGACCACACGTCTCT-1,◯,,10,33
GCGACCACATCGGAAG-1,◯,,10,33
GCGACCAGTTACCAGT-1,◯,,10,33
GCGACCATCGAGCCCA-1,◯,,10,33
GCGAGAACAGATCGGA-1,◯,,10,33
GCGAGAACAGTGAGTG-1,◯,,10,33
GCGAGAATCGGCTTGG-1,◯,,10,33
GCGCAACCAGCTGTAT-1,◯,,10,33
GCGCAACTCGCGCCAA-1,◯,,10,33
GCGCAACTCTGATTCT-1,◯,,10,33
GCGCAGTAGACCTAGG-1,◯,,10,33
GCGCAGTAGAGTAATC-1,◯,,10,33
GCGCAGTCAGGTGGAT-1,◯,,10,33
GCGCAGTGTGATGTCT-1,◯,,10,33
GCGCAGTGTGCAACGA-1,◯,,10,33
GCGCAGTTCCCAACGG-1,◯,,10,33
GCGCAGTTCCGCAGTG-1,◯,,10,33
GCGCAGTTCGCAGGCT-1,◯,,10,33
GCGCCAACAGCCAGAA-1,◯,,10,33
GCGCCAACAGTCCTTC-1,◯,,10,33
GCGCCAAGTGATGCCC-1,◯,,10,33
GCGCCAAGTGTCTGAT-1,◯,,10,33
GCGCCAAGTTTACTCT-1,◯,,10,33
GCGCCAATCAACCATG-1,◯,,10,33
GCGCCAATCAGCTCTC-1,◯,,10,33
GCGCGATAGACATAAC-1,◯,,10,33
GCGCGATAGAGTACCG-1,◯,,10,33
GCGCGATAGCCTATGT-1,◯,,10,33
GCGCGATAGGCCGAAT-1,◯,,10,33
GCGCGATCATACGCTA-1,◯,,10,33
GCGCGATGTACACCGC-1,◯,,10,33
GCGGGTTAGACCTAGG-1,◯,,10,33
GCGGGTTCAATGAATG-1,◯,,10,33
GCGGGTTCAATGGATA-1,◯,,10,33
GCGGGTTCAGATGAGC-1,◯,,10,33
GCGGGTTCATGAACCT-1,◯,,10,33
GCGGGTTGTAGCAAAT-1,◯,,10,33
GCGGGTTGTCAACTGT-1,◯,,10,33
GCGGGTTTCCAGTAGT-1,◯,,10,33
GCGGGTTTCTAGAGTC-1,◯,,10,33
GCTCCTAAGAGTACAT-1,◯,,10,33
GCTCCTAGTAACGACG-1,◯,,10,33
GCTCCTAGTTACTGAC-1,◯,,10,33
GCTCCTATCTCCAACC-1,◯,,10,33
GCTCTGTAGCGCCTTG-1,◯,,10,33
GCTCTGTCAATACGCT-1,◯,,10,33
GCTCTGTCATGCTGGC-1,◯,,10,33
GCTCTGTGTACAGCAG-1,◯,,10,33
GCTCTGTTCGTCTGAA-1,◯,,10,33
GCTGCAGAGATATACG-1,◯,,10,33
GCTGCAGCACGAAACG-1,◯,,10,33
GCTGCAGGTCGCATAT-1,◯,,10,33
GCTGCAGGTTCGCGAC-1,◯,,10,33
GCTGCAGTCAAGCCTA-1,◯,,10,33
GCTGCAGTCCAAGTAC-1,◯,,10,33
GCTGCAGTCCACGAAT-1,◯,,10,33
GCTGCGACAGATGAGC-1,◯,,10,33
GCTGCGAGTTGGTAAA-1,◯,,10,33
GCTGCGATCGCCTGAG-1,◯,,10,33
GCTGCTTAGAGTCTGG-1,◯,,10,33
GCTGCTTAGTGAACAT-1,◯,,10,33
GCTGCTTCAAGAGGCT-1,◯,,10,33
GCTGCTTGTCAACATC-1,◯,,10,33
GCTGCTTGTCGTCTTC-1,◯,,10,33
GCTGCTTGTGAGTGAC-1,◯,,10,33
GCTGCTTGTGTCTGAT-1,◯,,10,33
GCTGCTTGTGTTCGAT-1,◯,,10,33
GCTGCTTTCCTATGTT-1,◯,,10,33
GCTGGGTAGATATGGT-1,◯,,10,33
GCTGGGTAGATGCGAC-1,◯,,10,33
GCTGGGTGTCGATTGT-1,◯,,10,33
GCTTCCAGTACCCAAT-1,◯,,10,33
GCTTCCAGTCTGCCAG-1,◯,,10,33
GCTTCCAGTCTTGTCC-1,◯,,10,33
GCTTCCATCGGTGTTA-1,◯,,10,33
GCTTGAAAGAGTAATC-1,◯,,10,33
GCTTGAACACGAGAGT-1,◯,,10,33
GCTTGAACATGTCGAT-1,◯,,10,33
GCTTGAAGTCAAACTC-1,◯,,10,33
GCTTGAATCACTCTTA-1,◯,,10,33
GCTTGAATCAGCATGT-1,◯,,10,33
GCTTGAATCCTATTCA-1,◯,,10,33
GCTTGAATCTCTGAGA-1,◯,,10,33
GGAAAGCAGGCAGTCA-1,◯,,10,33
GGAAAGCCACCGAAAG-1,◯,,10,33
GGAAAGCGTAAATGTG-1,◯,,10,33
GGAAAGCTCAGATAAG-1,◯,,10,33
GGAAAGCTCCCGGATG-1,◯,,10,33
GGAAAGCTCCTCCTAG-1,◯,,10,33
GGAAAGCTCGGATGTT-1,◯,,10,33
GGAAAGCTCGTACCGG-1,◯,,10,33
GGAAAGCTCTAGCACA-1,◯,,10,33
GGAAAGCTCTCGAGTA-1,◯,,10,33
GGAACTTAGCCATCGC-1,◯,,10,33
GGAACTTAGCGTAATA-1,◯,,10,33
GGAACTTAGTCTTGCA-1,◯,,10,33
GGAACTTCAAGACGTG-1,◯,,10,33
GGAACTTTCCCATTTA-1,◯,,10,33
GGAACTTTCGTAGATC-1,◯,,10,33
GGAATAAAGCGACGTA-1,◯,,10,33
GGAATAAAGTACGATA-1,◯,,10,33
GGAATAAGTTATTCTC-1,◯,,10,33
GGAATAATCATCGCTC-1,◯,,10,33
GGAATAATCGATCCCT-1,◯,,10,33
GGACAAGGTAACGCGA-1,◯,,10,33
GGACAAGGTGCAACTT-1,◯,,10,33
GGACAAGTCTTGAGGT-1,◯,,10,33
GGACAGACAATGACCT-1,◯,,10,33
GGACAGACAGAGCCAA-1,◯,,10,33
GGACAGAGTAGCGTCC-1,◯,,10,33
GGACAGAGTGCCTGTG-1,◯,,10,33
GGACAGAGTGCTGTAT-1,◯,,10,33
GGACAGAGTTCTCATT-1,◯,,10,33
GGACATTGTATGGTTC-1,◯,,10,33
GGACATTGTTGTCGCG-1,◯,,10,33
GGACATTTCCAGAAGG-1,◯,,10,33
GGACATTTCTAAGCCA-1,◯,,10,33
GGACATTTCTCTTGAT-1,◯,,10,33
GGACGTCCATAACCTG-1,◯,,10,33
GGACGTCCATTTGCCC-1,◯,,10,33
GGACGTCGTCGCATAT-1,◯,,10,33
GGACGTCGTTTGGGCC-1,◯,,10,33
GGAGCAACAACTGCTA-1,◯,,10,33
GGAGCAAGTAACGCGA-1,◯,,10,33
GGAGCAAGTTACCAGT-1,◯,,10,33
GGAGCAATCCACGAAT-1,◯,,10,33
GGATGTTAGGCGCTCT-1,◯,,10,33
GGATGTTCACCGATAT-1,◯,,10,33
GGATGTTCAGGAATGC-1,◯,,10,33
GGATGTTCATTCCTCG-1,◯,,10,33
GGATGTTTCAACACTG-1,◯,,10,33
GGATGTTTCAGTCAGT-1,◯,,10,33
GGATGTTTCTGTTGAG-1,◯,,10,33
GGATGTTTCTTGCAAG-1,◯,,10,33
GGATGTTTCTTGCATT-1,◯,,10,33
GGATTACAGCTAAGAT-1,◯,,10,33
GGATTACCAACAACCT-1,◯,,10,33
GGATTACCAGACACTT-1,◯,,10,33
GGATTACGTAGGGACT-1,◯,,10,33
GGATTACGTTAGGGTG-1,◯,,10,33
GGATTACTCATTCACT-1,◯,,10,33
GGCAATTAGAGACTTA-1,◯,,10,33
GGCAATTCACAGGCCT-1,◯,,10,33
GGCAATTCAGTTCATG-1,◯,,10,33
GGCAATTTCAATACCG-1,◯,,10,33
GGCAATTTCACATGCA-1,◯,,10,33
GGCAATTTCCCAGGTG-1,◯,,10,33
GGCAATTTCTTTACAC-1,◯,,10,33
GGCAATTTCTTTCCTC-1,◯,,10,33
GGCCGATAGGACCACA-1,◯,,10,33
GGCCGATAGTGGACGT-1,◯,,10,33
GGCCGATCATAAGACA-1,◯,,10,33
GGCCGATCATGACATC-1,◯,,10,33
GGCCGATGTCCCTTGT-1,◯,,10,33
GGCGACTTCAGCTGGC-1,◯,,10,33
GGCGACTTCTTCGGTC-1,◯,,10,33
GGCGTGTGTGATGTGG-1,◯,,10,33
GGCGTGTGTTGGTTTG-1,◯,,10,33
GGCGTGTTCCTTTCGG-1,◯,,10,33
GGCGTGTTCTACCTGC-1,◯,,10,33
GGCTCGACAGGACGTA-1,◯,,10,33
GGCTCGACATTTCAGG-1,◯,,10,33
GGCTCGAGTCGAGATG-1,◯,,10,33
GGCTCGAGTTGATTCG-1,◯,,10,33
GGCTCGATCCAGAAGG-1,◯,,10,33
GGCTCGATCGAACGGA-1,◯,,10,33
GGCTGGTAGCTACCGC-1,◯,,10,33
GGCTGGTGTCGAACAG-1,◯,,10,33
GGCTGGTGTTCAGGCC-1,◯,,10,33
GGCTGGTTCAACACAC-1,◯,,10,33
GGCTGGTTCGCGCCAA-1,◯,,10,33
GGGAATGAGGTAGCCA-1,◯,,10,33
GGGAATGCAATGGACG-1,◯,,10,33
GGGAATGGTAAGAGGA-1,◯,,10,33
GGGAATGGTAATCACC-1,◯,,10,33
GGGAATGGTTGGTGGA-1,◯,,10,33
GGGACCTCAACGATGG-1,◯,,10,33
GGGACCTCAATAACGA-1,◯,,10,33
GGGACCTGTTTGACTG-1,◯,,10,33
GGGACCTTCATGTCCC-1,◯,,10,33
GGGACCTTCGGCCGAT-1,◯,,10,33
GGGAGATAGCTCCTTC-1,◯,,10,33
GGGAGATAGGATGGAA-1,◯,,10,33
GGGAGATCATGACGGA-1,◯,,10,33
GGGAGATGTCTAGTGT-1,◯,,10,33
GGGATGAAGAAACGAG-1,◯,,10,33
GGGATGAAGCTCTCGG-1,◯,,10,33
GGGATGAAGGATTCGG-1,◯,,10,33
GGGATGAAGGTACTCT-1,◯,,10,33
GGGATGACAATGCCAT-1,◯,,10,33
GGGATGACACTTCGAA-1,◯,,10,33
GGGATGACAGTTAACC-1,◯,,10,33
GGGATGAGTATGGTTC-1,◯,,10,33
GGGATGAGTCCAGTTA-1,◯,,10,33
GGGATGAGTCCGAACC-1,◯,,10,33
GGGATGAGTGCATCTA-1,◯,,10,33
GGGATGAGTTCAGGCC-1,◯,,10,33
GGGCACTAGCACCGTC-1,◯,,10,33
GGGCACTAGCCGATTT-1,◯,,10,33
GGGCACTCACACATGT-1,◯,,10,33
GGGCACTCATTCCTGC-1,◯,,10,33
GGGCACTGTACGACCC-1,◯,,10,33
GGGCACTGTTTGTGTG-1,◯,,10,33
GGGCACTTCCACTGGG-1,◯,,10,33
GGGCATCAGGCTCTTA-1,◯,,10,33
GGGCATCAGTATCGAA-1,◯,,10,33
GGGCATCAGTCGCCGT-1,◯,,10,33
GGGCATCTCTTCAACT-1,◯,,10,33
GGGCATCTCTTCTGGC-1,◯,,10,33
GGGTCTGCATCCCATC-1,◯,,10,33
GGGTCTGGTATAGGTA-1,◯,,10,33
GGGTCTGTCGTACGGC-1,◯,,10,33
GGGTCTGTCGTCCAGG-1,◯,,10,33
GGGTTGCCACCATGTA-1,◯,,10,33
GGGTTGCGTAAGGATT-1,◯,,10,33
GGGTTGCTCAAGATCC-1,◯,,10,33
GGTATTGAGGCTAGGT-1,◯,,10,33
GGTATTGAGTGCGTGA-1,◯,,10,33
GGTATTGCAACTGGCC-1,◯,,10,33
GGTATTGCACAAGACG-1,◯,,10,33
GGTATTGCACGTAAGG-1,◯,,10,33
GGTATTGTCACCGGGT-1,◯,,10,33
GGTGAAGAGCGATCCC-1,◯,,10,33
GGTGAAGCACCAGGCT-1,◯,,10,33
GGTGAAGGTCTGCCAG-1,◯,,10,33
GGTGAAGGTTCACGGC-1,◯,,10,33
GGTGAAGTCATATCGG-1,◯,,10,33
GGTGAAGTCCGGGTGT-1,◯,,10,33
GGTGAAGTCCTTGGTC-1,◯,,10,33
GGTGAAGTCTAACTGG-1,◯,,10,33
GGTGCGTAGAACAACT-1,◯,,10,33
GGTGCGTAGACCCACC-1,◯,,10,33
GGTGCGTAGGGTTTCT-1,◯,,10,33
GGTGCGTAGTTTAGGA-1,◯,,10,33
GGTGCGTCACAGGTTT-1,◯,,10,33
GGTGCGTCACTCTGTC-1,◯,,10,33
GGTGCGTGTACCGGCT-1,◯,,10,33
GGTGCGTTCCTCCTAG-1,◯,,10,33
GGTGCGTTCGTCCAGG-1,◯,,10,33
GGTGCGTTCTTCATGT-1,◯,,10,33
GGTGTTAAGTGCCATT-1,◯,,10,33
GGTGTTACAAAGCAAT-1,◯,,10,33
GGTGTTACAGAAGCAC-1,◯,,10,33
GGTGTTACATCCCACT-1,◯,,10,33
GGTGTTACATGGTAGG-1,◯,,10,33
GGTGTTAGTAATTGGA-1,◯,,10,33
GGTGTTAGTGGTTTCA-1,◯,,10,33
GGTGTTATCTTATCTG-1,◯,,10,33
GGTGTTATCTTGTACT-1,◯,,10,33
GTAACGTAGAAGGCCT-1,◯,,10,33
GTAACGTAGTCGATAA-1,◯,,10,33
GTAACGTCAAGTAGTA-1,◯,,10,33
GTAACGTCAGTCAGAG-1,◯,,10,33
GTAACGTCAGTGGAGT-1,◯,,10,33
GTAACGTCATGGTAGG-1,◯,,10,33
GTAACGTGTCCGCTGA-1,◯,,10,33
GTAACGTGTTACCGAT-1,◯,,10,33
GTAACGTGTTCGTGAT-1,◯,,10,33
GTAACGTTCCACGACG-1,◯,,10,33
GTAACGTTCCCACTTG-1,◯,,10,33
GTAACTGAGACTCGGA-1,◯,,10,33
GTAACTGAGGTGTTAA-1,◯,,10,33
GTAACTGCAAGAGGCT-1,◯,,10,33
GTAACTGCACACAGAG-1,◯,,10,33
GTAACTGGTATTAGCC-1,◯,,10,33
GTACGTAAGATCGATA-1,◯,,10,33
GTACGTAAGTGGGATC-1,◯,,10,33
GTACTCCAGCACAGGT-1,◯,,10,33
GTACTCCAGTCCGGTC-1,◯,,10,33
GTACTCCGTGTTTGTG-1,◯,,10,33
GTACTCCTCCACTGGG-1,◯,,10,33
GTACTTTAGATCCTGT-1,◯,,10,33
GTACTTTAGGATGGTC-1,◯,,10,33
GTACTTTCACATCTTT-1,◯,,10,33
GTACTTTCATTACCTT-1,◯,,10,33
GTACTTTGTAAAGTCA-1,◯,,10,33
GTACTTTGTAGAAAGG-1,◯,,10,33
GTACTTTGTATCACCA-1,◯,,10,33
GTACTTTGTCCATCCT-1,◯,,10,33
GTACTTTGTTCAGTAC-1,◯,,10,33
GTACTTTGTTCTCATT-1,◯,,10,33
GTAGGCCAGGTCATCT-1,◯,,10,33
GTAGTCAAGCGGATCA-1,◯,,10,33
GTAGTCACAATGGATA-1,◯,,10,33
GTAGTCACACAAGTAA-1,◯,,10,33
GTAGTCAGTTAAGTAG-1,◯,,10,33
GTAGTCATCACGCGGT-1,◯,,10,33
GTAGTCATCATGGTCA-1,◯,,10,33
GTAGTCATCATGTCTT-1,◯,,10,33
GTAGTCATCCTAAGTG-1,◯,,10,33
GTAGTCATCGCTGATA-1,◯,,10,33
GTATCTTAGGCCCTTG-1,◯,,10,33
GTATCTTCACCAGTTA-1,◯,,10,33
GTATCTTGTAATCGTC-1,◯,,10,33
GTATCTTGTGTGGTTT-1,◯,,10,33
GTATCTTGTTTCGCTC-1,◯,,10,33
GTATCTTTCAACACGT-1,◯,,10,33
GTATCTTTCCGGCACA-1,◯,,10,33
GTATTCTCAAGGACAC-1,◯,,10,33
GTATTCTCACAGTCGC-1,◯,,10,33
GTATTCTGTAGCGATG-1,◯,,10,33
GTATTCTGTTTAGGAA-1,◯,,10,33
GTCAAGTAGAGCTATA-1,◯,,10,33
GTCAAGTCAACTTGAC-1,◯,,10,33
GTCAAGTCATCCTTGC-1,◯,,10,33
GTCAAGTCATGCCTTC-1,◯,,10,33
GTCAAGTCATGCTGGC-1,◯,,10,33
GTCAAGTGTTAAGTAG-1,◯,,10,33
GTCAAGTTCAAACAAG-1,◯,,10,33
GTCAAGTTCATTTGGG-1,◯,,10,33
GTCACAAAGACTTGAA-1,◯,,10,33
GTCACAAAGCTGGAAC-1,◯,,10,33
GTCACAACACAGGCCT-1,◯,,10,33
GTCACAACATAGACTC-1,◯,,10,33
GTCACAAGTCAGATAA-1,◯,,10,33
GTCACGGAGCTACCTA-1,◯,,10,33
GTCACGGAGCTTATCG-1,◯,,10,33
GTCACGGAGGGTCGAT-1,◯,,10,33
GTCACGGCAAGTAGTA-1,◯,,10,33
GTCACGGCACGGATAG-1,◯,,10,33
GTCACGGGTCAACTGT-1,◯,,10,33
GTCACGGGTGGTCTCG-1,◯,,10,33
GTCACGGGTGTAACGG-1,◯,,10,33
GTCACGGTCATCGATG-1,◯,,10,33
GTCATTTAGATGTCGG-1,◯,,10,33
GTCATTTAGGCATTGG-1,◯,,10,33
GTCATTTCACATTCGA-1,◯,,10,33
GTCATTTTCCGAAGAG-1,◯,,10,33
GTCATTTTCTACTCAT-1,◯,,10,33
GTCCTCATCACTATTC-1,◯,,10,33
GTCCTCATCCTTGGTC-1,◯,,10,33
GTCGGGTAGGTGATTA-1,◯,,10,33
GTCGGGTCACACATGT-1,◯,,10,33
GTCGGGTCACACGCTG-1,◯,,10,33
GTCGGGTCAGGCGATA-1,◯,,10,33
GTCGGGTGTGATAAGT-1,◯,,10,33
GTCGGGTTCTACCAGA-1,◯,,10,33
GTCGGGTTCTACTATC-1,◯,,10,33
GTCGTAAAGCAATCTC-1,◯,,10,33
GTCGTAAAGGTTCCTA-1,◯,,10,33
GTCGTAAAGTGTACCT-1,◯,,10,33
GTCGTAACAGGCTGAA-1,◯,,10,33
GTCGTAAGTCCGTTAA-1,◯,,10,33
GTCGTAATCAACTCTT-1,◯,,10,33
GTCGTAATCAGCTGGC-1,◯,,10,33
GTCGTAATCCACTCCA-1,◯,,10,33
GTCGTAATCGTCCAGG-1,◯,,10,33
GTCTCGTAGCGCCTCA-1,◯,,10,33
GTCTCGTAGCTAAACA-1,◯,,10,33
GTCTCGTTCGTTTAGG-1,◯,,10,33
GTCTTCGAGCGAGAAA-1,◯,,10,33
GTCTTCGGTACATGTC-1,◯,,10,33
GTCTTCGGTCTAAACC-1,◯,,10,33
GTCTTCGGTGGCGAAT-1,◯,,10,33
GTCTTCGGTGTTGGGA-1,◯,,10,33
GTCTTCGTCGACAGCC-1,◯,,10,33
GTCTTCGTCGGCTACG-1,◯,,10,33
GTCTTCGTCTTATCTG-1,◯,,10,33
GTGAAGGAGAAACCAT-1,◯,,10,33
GTGAAGGAGGTGCTTT-1,◯,,10,33
GTGAAGGTCAGTTGAC-1,◯,,10,33
GTGAAGGTCGTACGGC-1,◯,,10,33
GTGCAGCAGATGAGAG-1,◯,,10,33
GTGCAGCAGCGTGAGT-1,◯,,10,33
GTGCAGCCACATGACT-1,◯,,10,33
GTGCAGCCACGGTGTC-1,◯,,10,33
GTGCAGCGTGGCCCTA-1,◯,,10,33
GTGCAGCTCTGTACGA-1,◯,,10,33
GTGCATAAGGAGCGAG-1,◯,,10,33
GTGCATACAAGCTGAG-1,◯,,10,33
GTGCATATCATGCATG-1,◯,,10,33
GTGCATATCCGTCAAA-1,◯,,10,33
GTGCGGTAGAAGGCCT-1,◯,,10,33
GTGCGGTAGGCTAGCA-1,◯,,10,33
GTGCGGTCACGGATAG-1,◯,,10,33
GTGCGGTGTCCTGCTT-1,◯,,10,33
GTGCGGTGTCGCCATG-1,◯,,10,33
GTGCGGTTCAGTGTTG-1,◯,,10,33
GTGCGGTTCATACGGT-1,◯,,10,33
GTGCGGTTCCTTGGTC-1,◯,,10,33
GTGCGGTTCTCGGACG-1,◯,,10,33
GTGCTTCGTCAGGACA-1,◯,,10,33
GTGCTTCGTTGTGGCC-1,◯,,10,33
GTGCTTCTCACCTTAT-1,◯,,10,33
GTGCTTCTCAGGCAAG-1,◯,,10,33
GTGCTTCTCCACGTTC-1,◯,,10,33
GTGGGTCAGAGCCTAG-1,◯,,10,33
GTGGGTCAGGTGTTAA-1,◯,,10,33
GTGGGTCCATGTCGAT-1,◯,,10,33
GTGGGTCGTCTCCCTA-1,◯,,10,33
GTGTGCGCAGGGCATA-1,◯,,10,33
GTGTGCGGTAACGCGA-1,◯,,10,33
GTGTGCGGTAGCGTCC-1,◯,,10,33
GTGTGCGTCACAATGC-1,◯,,10,33
GTGTTAGAGAGCTATA-1,◯,,10,33
GTGTTAGAGTGTTGAA-1,◯,,10,33
GTGTTAGCACAGACTT-1,◯,,10,33
GTGTTAGCACGGCTAC-1,◯,,10,33
GTGTTAGCATGCAACT-1,◯,,10,33
GTGTTAGCATGCGCAC-1,◯,,10,33
GTGTTAGGTTAGTGGG-1,◯,,10,33
GTTAAGCTCAAAGACA-1,◯,,10,33
GTTACAGCATTACCTT-1,◯,,10,33
GTTACAGGTCCGCTGA-1,◯,,10,33
GTTACAGGTCTAAAGA-1,◯,,10,33
GTTACAGGTTCTGAAC-1,◯,,10,33
GTTCATTAGAAGGTTT-1,◯,,10,33
GTTCATTAGTGGAGAA-1,◯,,10,33
GTTCATTCAAGTCTGT-1,◯,,10,33
GTTCATTCACTCAGGC-1,◯,,10,33
GTTCATTGTAAGGGAA-1,◯,,10,33
GTTCATTGTCCGAACC-1,◯,,10,33
GTTCATTTCAGCAACT-1,◯,,10,33
GTTCATTTCCGAACGC-1,◯,,10,33
GTTCATTTCGTGGACC-1,◯,,10,33
GTTCGGGAGGATGTAT-1,◯,,10,33
GTTCGGGAGGGTCTCC-1,◯,,10,33
GTTCGGGGTACAGCAG-1,◯,,10,33
GTTCGGGTCGGTGTCG-1,◯,,10,33
GTTCGGGTCTGCAGTA-1,◯,,10,33
GTTCTCGAGGACTGGT-1,◯,,10,33
GTTCTCGAGGAGTTGC-1,◯,,10,33
GTTCTCGAGTACGCGA-1,◯,,10,33
GTTCTCGCATAGTAAG-1,◯,,10,33
GTTCTCGGTCCGAAGA-1,◯,,10,33
GTTCTCGTCACCGGGT-1,◯,,10,33
GTTTCTACACAACGCC-1,◯,,10,33
GTTTCTACACAGATTC-1,◯,,10,33
GTTTCTACACATGGGA-1,◯,,10,33
GTTTCTATCTTGAGGT-1,◯,,10,33
TAAACCGAGACTTTCG-1,◯,,10,33
TAAACCGCAATGACCT-1,◯,,10,33
TAAACCGCAGTATAAG-1,◯,,10,33
TAAACCGGTATAGGTA-1,◯,,10,33
TAAACCGGTCACTGGC-1,◯,,10,33
TAAACCGGTGGACGAT-1,◯,,10,33
TAAGAGAAGCGTCTAT-1,◯,,10,33
TAAGAGAAGGAGTAGA-1,◯,,10,33
TAAGAGAAGGCGACAT-1,◯,,10,33
TAAGAGATCTCGATGA-1,◯,,10,33
TAAGCGTAGAATGTGT-1,◯,,10,33
TAAGCGTAGGACATTA-1,◯,,10,33
TAAGCGTGTCGCGGTT-1,◯,,10,33
TAAGCGTTCGGCTTGG-1,◯,,10,33
TAAGTGCAGTAGCCGA-1,◯,,10,33
TAAGTGCCAAGTAGTA-1,◯,,10,33
TAAGTGCCATAGGATA-1,◯,,10,33
TAAGTGCGTACCCAAT-1,◯,,10,33
TAAGTGCTCACAACGT-1,◯,,10,33
TAAGTGCTCATTGCGA-1,◯,,10,33
TACACGAAGAGACGAA-1,◯,,10,33
TACACGAAGCCAGAAC-1,◯,,10,33
TACACGAAGGTGCACA-1,◯,,10,33
TACACGAAGTTAAGTG-1,◯,,10,33
TACACGACAGTATGCT-1,◯,,10,33
TACACGAGTCACACGC-1,◯,,10,33
TACACGAGTTCCGGCA-1,◯,,10,33
TACACGATCATAGCAC-1,◯,,10,33
TACACGATCTTAGCCC-1,◯,,10,33
TACAGTGAGATAGCAT-1,◯,,10,33
TACAGTGAGTACGCGA-1,◯,,10,33
TACAGTGCATCACCCT-1,◯,,10,33
TACAGTGGTCTAGCCG-1,◯,,10,33
TACAGTGTCCAAGTAC-1,◯,,10,33
TACAGTGTCTAAGCCA-1,◯,,10,33
TACAGTGTCTTGTCAT-1,◯,,10,33
TACCTATAGGAGTAGA-1,◯,,10,33
TACCTATAGGCCATAG-1,◯,,10,33
TACCTATAGGGTCGAT-1,◯,,10,33
TACCTATCACATCTTT-1,◯,,10,33
TACCTATCAGGCTGAA-1,◯,,10,33
TACCTATGTACAGACG-1,◯,,10,33
TACCTATTCTTGCAAG-1,◯,,10,33
TACCTTAAGGTTCCTA-1,◯,,10,33
TACCTTAAGTTGAGTA-1,◯,,10,33
TACCTTAGTGTCTGAT-1,◯,,10,33
TACCTTAGTTACGCGC-1,◯,,10,33
TACCTTATCGAGAACG-1,◯,,10,33
TACGGATAGAATTGTG-1,◯,,10,33
TACGGATAGGACAGAA-1,◯,,10,33
TACGGATCAAAGTGCG-1,◯,,10,33
TACGGATCAGGCTCAC-1,◯,,10,33
TACGGATTCCTATTCA-1,◯,,10,33
TACGGGCAGAATTCCC-1,◯,,10,33
TACGGGCGTATCACCA-1,◯,,10,33
TACGGGCTCCTGCTTG-1,◯,,10,33
TACGGTAAGCGCTTAT-1,◯,,10,33
TACGGTAAGTAGCGGT-1,◯,,10,33
TACGGTACAGTATCTG-1,◯,,10,33
TACGGTAGTAGCGATG-1,◯,,10,33
TACGGTAGTCTCACCT-1,◯,,10,33
TACGGTATCTTGTTTG-1,◯,,10,33
TACTCATAGGCAATTA-1,◯,,10,33
TACTCATGTCCGTGAC-1,◯,,10,33
TACTCGCAGCGCTTAT-1,◯,,10,33
TACTCGCAGGACACCA-1,◯,,10,33
TACTCGCCAAGACACG-1,◯,,10,33
TACTCGCGTGCTCTTC-1,◯,,10,33
TACTCGCGTGTAACGG-1,◯,,10,33
TACTCGCTCAATCTCT-1,◯,,10,33
TACTCGCTCCGTACAA-1,◯,,10,33
TACTTACAGAATCTCC-1,◯,,10,33
TACTTACAGGCGATAC-1,◯,,10,33
TACTTACAGTGACTCT-1,◯,,10,33
TACTTACCAAGGTGTG-1,◯,,10,33
TACTTACCAGACACTT-1,◯,,10,33
TACTTACGTTACGTCA-1,◯,,10,33
TACTTACGTTCCAACA-1,◯,,10,33
TACTTACTCCTCAATT-1,◯,,10,33
TACTTACTCTAACTTC-1,◯,,10,33
TACTTACTCTGGGCCA-1,◯,,10,33
TACTTGTAGTTGTAGA-1,◯,,10,33
TACTTGTCAACTGGCC-1,◯,,10,33
TACTTGTCACCTATCC-1,◯,,10,33
TACTTGTCATCCAACA-1,◯,,10,33
TACTTGTGTAGAGCTG-1,◯,,10,33
TACTTGTGTAGGACAC-1,◯,,10,33
TACTTGTTCAACGAAA-1,◯,,10,33
TACTTGTTCACCAGGC-1,◯,,10,33
TACTTGTTCTGGTATG-1,◯,,10,33
TAGACCAAGGATGCGT-1,◯,,10,33
TAGACCAGTACGACCC-1,◯,,10,33
TAGACCATCGACCAGC-1,◯,,10,33
TAGAGCTAGCGGATCA-1,◯,,10,33
TAGAGCTCATGGAATA-1,◯,,10,33
TAGAGCTGTAGGACAC-1,◯,,10,33
TAGAGCTTCCGTTGTC-1,◯,,10,33
TAGCCGGAGAATCTCC-1,◯,,10,33
TAGCCGGAGCACAGGT-1,◯,,10,33
TAGCCGGAGCCGCCTA-1,◯,,10,33
TAGCCGGCACCATGTA-1,◯,,10,33
TAGCCGGCAGTAAGCG-1,◯,,10,33
TAGGCATAGACTACAA-1,◯,,10,33
TAGGCATCACTACAGT-1,◯,,10,33
TAGGCATGTCTAGTGT-1,◯,,10,33
TAGGCATGTGTAAGTA-1,◯,,10,33
TAGGCATTCAACCAAC-1,◯,,10,33
TAGTGGTCAGGACGTA-1,◯,,10,33
TAGTGGTCATTAGCCA-1,◯,,10,33
TAGTGGTCATTGTGCA-1,◯,,10,33
TAGTGGTGTACCGAGA-1,◯,,10,33
TAGTGGTGTACGCTGC-1,◯,,10,33
TAGTGGTGTCTAAAGA-1,◯,,10,33
TAGTGGTTCCTAAGTG-1,◯,,10,33
TAGTGGTTCGGAAATA-1,◯,,10,33
TAGTTGGAGACTACAA-1,◯,,10,33
TAGTTGGAGAGTACCG-1,◯,,10,33
TAGTTGGAGTGGGATC-1,◯,,10,33
TAGTTGGCAATGTTGC-1,◯,,10,33
TAGTTGGGTTATGTGC-1,◯,,10,33
TAGTTGGTCTAACTTC-1,◯,,10,33
TATCAGGAGTACCGGA-1,◯,,10,33
TATCAGGCAATAGAGT-1,◯,,10,33
TATCAGGCACGGCGTT-1,◯,,10,33
TATCAGGGTACCCAAT-1,◯,,10,33
TATCAGGGTCGTTGTA-1,◯,,10,33
TATCAGGGTTCGTGAT-1,◯,,10,33
TATCAGGTCATCACCC-1,◯,,10,33
TATCTCAAGTTCGATC-1,◯,,10,33
TATCTCAGTAGCTGCC-1,◯,,10,33
TATCTCAGTAGGGACT-1,◯,,10,33
TATCTCATCAAGGTAA-1,◯,,10,33
TATCTCATCCGTCATC-1,◯,,10,33
TATGCCCAGCGCCTCA-1,◯,,10,33
TATGCCCAGCTAGGCA-1,◯,,10,33
TATGCCCCAATAGCGG-1,◯,,10,33
TATGCCCCACCATCCT-1,◯,,10,33
TATGCCCCAGGCGATA-1,◯,,10,33
TATGCCCCAGTAGAGC-1,◯,,10,33
TATGCCCGTTCGCGAC-1,◯,,10,33
TATGCCCTCAAGCCTA-1,◯,,10,33
TATGCCCTCGAGGTAG-1,◯,,10,33
TATGCCCTCTATCGCC-1,◯,,10,33
TATTACCAGTGTGGCA-1,◯,,10,33
TATTACCCACCCTATC-1,◯,,10,33
TATTACCGTCTTTCAT-1,◯,,10,33
TATTACCGTGAGGGAG-1,◯,,10,33
TATTACCGTGTTAAGA-1,◯,,10,33
TATTACCTCAACCATG-1,◯,,10,33
TATTACCTCTTAACCT-1,◯,,10,33
TCAACGAAGTGGTCCC-1,◯,,10,33
TCAACGAGTAACGTTC-1,◯,,10,33
TCAACGAGTAGCGATG-1,◯,,10,33
TCAACGAGTCTGCAAT-1,◯,,10,33
TCAACGATCCAACCAA-1,◯,,10,33
TCAATCTAGGTGACCA-1,◯,,10,33
TCAATCTCACCGATAT-1,◯,,10,33
TCAATCTGTCTTCGTC-1,◯,,10,33
TCAATCTTCAAGGTAA-1,◯,,10,33
TCAATCTTCAGATAAG-1,◯,,10,33
TCACAAGAGGATGGAA-1,◯,,10,33
TCACAAGCATCACCCT-1,◯,,10,33
TCACAAGCATTCACTT-1,◯,,10,33
TCACAAGGTACTCGCG-1,◯,,10,33
TCACAAGGTGCACCAC-1,◯,,10,33
TCACAAGGTGTGCGTC-1,◯,,10,33
TCACAAGTCAACGAAA-1,◯,,10,33
TCACGAAAGATCGATA-1,◯,,10,33
TCACGAACACATTCGA-1,◯,,10,33
TCACGAACAGAGCCAA-1,◯,,10,33
TCAGATGAGCCATCGC-1,◯,,10,33
TCAGATGCAAGGTTTC-1,◯,,10,33
TCAGATGCAGGACCCT-1,◯,,10,33
TCAGATGGTTACGCGC-1,◯,,10,33
TCAGATGTCATCGCTC-1,◯,,10,33
TCAGCAAAGCTAACAA-1,◯,,10,33
TCAGCAACAGTCAGAG-1,◯,,10,33
TCAGCAACATAACCTG-1,◯,,10,33
TCAGCTCAGCGTGAGT-1,◯,,10,33
TCAGCTCCAGCGTTCG-1,◯,,10,33
TCAGCTCGTTACAGAA-1,◯,,10,33
TCAGCTCGTTGGTTTG-1,◯,,10,33
TCAGCTCTCACCTTAT-1,◯,,10,33
TCAGCTCTCGGTGTTA-1,◯,,10,33
TCAGCTCTCTATCCTA-1,◯,,10,33
TCAGGATAGAAGGGTA-1,◯,,10,33
TCAGGATAGCACACAG-1,◯,,10,33
TCAGGATGTTGAGGTG-1,◯,,10,33
TCAGGATGTTTGACAC-1,◯,,10,33
TCAGGATTCACGACTA-1,◯,,10,33
TCAGGATTCATGCTCC-1,◯,,10,33
TCAGGATTCGGCGCTA-1,◯,,10,33
TCAGGTAAGCAAATCA-1,◯,,10,33
TCAGGTACAATACGCT-1,◯,,10,33
TCAGGTACAATGGAAT-1,◯,,10,33
TCAGGTACAGGCTGAA-1,◯,,10,33
TCAGGTAGTAAACACA-1,◯,,10,33
TCAGGTATCAAGGCTT-1,◯,,10,33
TCAGGTATCAGCGATT-1,◯,,10,33
TCATTACCAAACAACA-1,◯,,10,33
TCATTACCACCGGAAA-1,◯,,10,33
TCATTACCAGACGCCT-1,◯,,10,33
TCATTACGTAGTAGTA-1,◯,,10,33
TCATTACTCATGTAGC-1,◯,,10,33
TCATTACTCCCTCAGT-1,◯,,10,33
TCATTACTCCGTTGCT-1,◯,,10,33
TCATTACTCCTTGACC-1,◯,,10,33
TCATTACTCGCCTGTT-1,◯,,10,33
TCATTACTCGTGGTCG-1,◯,,10,33
TCATTACTCTTCATGT-1,◯,,10,33
TCATTTGAGATCGGGT-1,◯,,10,33
TCATTTGCACATCCGG-1,◯,,10,33
TCATTTGCACCAGGCT-1,◯,,10,33
TCATTTGCATCTCGCT-1,◯,,10,33
TCATTTGCATGTAAGA-1,◯,,10,33
TCATTTGGTAGGAGTC-1,◯,,10,33
TCATTTGGTTATGCGT-1,◯,,10,33
TCATTTGGTTCCCTTG-1,◯,,10,33
TCCACACCAGCTATTG-1,◯,,10,33
TCCACACCATGTAAGA-1,◯,,10,33
TCCACACGTACCCAAT-1,◯,,10,33
TCCACACGTCTAGTCA-1,◯,,10,33
TCCCGATAGTGAACGC-1,◯,,10,33
TCCCGATCACACAGAG-1,◯,,10,33
TCCCGATCACGGACAA-1,◯,,10,33
TCCCGATGTAATCACC-1,◯,,10,33
TCCCGATGTCGATTGT-1,◯,,10,33
TCCCGATTCCGCATAA-1,◯,,10,33
TCCCGATTCTGCTGTC-1,◯,,10,33
TCGAGGCAGATCCGAG-1,◯,,10,33
TCGAGGCAGTACGCCC-1,◯,,10,33
TCGAGGCCAAGTCATC-1,◯,,10,33
TCGAGGCGTACCTACA-1,◯,,10,33
TCGAGGCGTCTGCGGT-1,◯,,10,33
TCGAGGCTCTCTGTCG-1,◯,,10,33
TCGCGAGAGCCCAACC-1,◯,,10,33
TCGCGAGAGCTTTGGT-1,◯,,10,33
TCGCGAGCATGGTCTA-1,◯,,10,33
TCGCGAGTCGAACTGT-1,◯,,10,33
TCGCGTTAGAAGATTC-1,◯,,10,33
TCGCGTTAGTTCGCAT-1,◯,,10,33
TCGCGTTCAGAGCCAA-1,◯,,10,33
TCGCGTTTCGTCCAGG-1,◯,,10,33
TCGGGACAGATGGGTC-1,◯,,10,33
TCGGGACAGGATTCGG-1,◯,,10,33
TCGGGACAGGCTAGAC-1,◯,,10,33
TCGGGACCAACTGCGC-1,◯,,10,33
TCGGGACCACACGCTG-1,◯,,10,33
TCGGGACCATCCTTGC-1,◯,,10,33
TCGGGACGTGAGTGAC-1,◯,,10,33
TCGGGACTCCGAGCCA-1,◯,,10,33
TCGGGACTCCGCGCAA-1,◯,,10,33
TCGGTAAAGTCTCCTC-1,◯,,10,33
TCGGTAAAGTGGAGTC-1,◯,,10,33
TCGGTAAGTTACGACT-1,◯,,10,33
TCGGTAATCCGCATCT-1,◯,,10,33
TCGGTAATCTCGTTTA-1,◯,,10,33
TCGTACCAGACCACGA-1,◯,,10,33
TCGTACCAGGATCGCA-1,◯,,10,33
TCGTACCAGGGAAACA-1,◯,,10,33
TCGTACCCAACACCTA-1,◯,,10,33
TCGTACCCACCGTTGG-1,◯,,10,33
TCGTACCTCCAAACAC-1,◯,,10,33
TCGTACCTCCAAGCCG-1,◯,,10,33
TCGTACCTCTTGAGAC-1,◯,,10,33
TCGTAGATCGCCTGAG-1,◯,,10,33
TCTATTGAGGAGTAGA-1,◯,,10,33
TCTATTGAGGTTACCT-1,◯,,10,33
TCTATTGCAACGATGG-1,◯,,10,33
TCTATTGCATATGCTG-1,◯,,10,33
TCTATTGGTCTTGTCC-1,◯,,10,33
TCTATTGTCCCATTTA-1,◯,,10,33
TCTATTGTCTTGCAAG-1,◯,,10,33
TCTCATAAGAGACTAT-1,◯,,10,33
TCTCATAAGGATCGCA-1,◯,,10,33
TCTCATAAGTGAACGC-1,◯,,10,33
TCTCATAGTTCGTTGA-1,◯,,10,33
TCTCATATCCGAATGT-1,◯,,10,33
TCTCATATCGCACTCT-1,◯,,10,33
TCTCTAAAGCCGCCTA-1,◯,,10,33
TCTCTAACAAGTTGTC-1,◯,,10,33
TCTCTAAGTCTTCAAG-1,◯,,10,33
TCTCTAATCATAAAGG-1,◯,,10,33
TCTCTAATCCGCAAGC-1,◯,,10,33
TCTCTAATCGTGGTCG-1,◯,,10,33
TCTCTAATCTATCCCG-1,◯,,10,33
TCTCTAATCTTATCTG-1,◯,,10,33
TCTGAGAAGCCACGCT-1,◯,,10,33
TCTGAGAAGGGCTTCC-1,◯,,10,33
TCTGAGATCAACGGCC-1,◯,,10,33
TCTGAGATCAGCTCTC-1,◯,,10,33
TCTGAGATCGCCAAAT-1,◯,,10,33
TCTGGAACACGAGGTA-1,◯,,10,33
TCTGGAACAGATGAGC-1,◯,,10,33
TCTTCGGCAAGCGATG-1,◯,,10,33
TCTTCGGCACATCCAA-1,◯,,10,33
TCTTCGGCAGTGAGTG-1,◯,,10,33
TCTTCGGTCCTACAGA-1,◯,,10,33
TCTTTCCAGCAAATCA-1,◯,,10,33
TCTTTCCAGCCTCGTG-1,◯,,10,33
TCTTTCCAGGGTCGAT-1,◯,,10,33
TCTTTCCAGGGTCTCC-1,◯,,10,33
TCTTTCCAGGGTGTGT-1,◯,,10,33
TCTTTCCCAATAGCAA-1,◯,,10,33
TCTTTCCCACCACCAG-1,◯,,10,33
TCTTTCCGTAAGAGGA-1,◯,,10,33
TCTTTCCGTTCCGGCA-1,◯,,10,33
TCTTTCCTCTCTTGAT-1,◯,,10,33
TGAAAGAAGAAGGACA-1,◯,,10,33
TGAAAGAAGGAACTGC-1,◯,,10,33
TGAAAGAAGGCTCAGA-1,◯,,10,33
TGAAAGAAGTAGTGCG-1,◯,,10,33
TGAAAGACAACTGCTA-1,◯,,10,33
TGAAAGACAAGGTTCT-1,◯,,10,33
TGAAAGACATTGGTAC-1,◯,,10,33
TGAAAGATCAATCTCT-1,◯,,10,33
TGACAACCACAGAGGT-1,◯,,10,33
TGACAACCACGAAACG-1,◯,,10,33
TGACAACGTTAAGATG-1,◯,,10,33
TGACAACGTTGAGTTC-1,◯,,10,33
TGACAACTCAACACCA-1,◯,,10,33
TGACAACTCATGCATG-1,◯,,10,33
TGACGGCCAAGCGATG-1,◯,,10,33
TGACGGCCAGTGACAG-1,◯,,10,33
TGACGGCGTACTTCTT-1,◯,,10,33
TGACGGCGTATCAGTC-1,◯,,10,33
TGACGGCGTCATACTG-1,◯,,10,33
TGACGGCGTGCAGACA-1,◯,,10,33
TGACGGCTCAGTGTTG-1,◯,,10,33
TGACTAGAGAGACGAA-1,◯,,10,33
TGACTAGGTCTCCCTA-1,◯,,10,33
TGACTAGGTGACTCAT-1,◯,,10,33
TGACTAGTCATCGGAT-1,◯,,10,33
TGACTAGTCATTCACT-1,◯,,10,33
TGACTAGTCGAATCCA-1,◯,,10,33
TGACTAGTCTCGTATT-1,◯,,10,33
TGACTTTAGCCCAGCT-1,◯,,10,33
TGACTTTAGCTAAGAT-1,◯,,10,33
TGACTTTAGGGCTTGA-1,◯,,10,33
TGACTTTAGGTGATAT-1,◯,,10,33
TGACTTTGTCCGTTAA-1,◯,,10,33
TGACTTTGTTGGTGGA-1,◯,,10,33
TGACTTTTCCGCGTTT-1,◯,,10,33
TGACTTTTCTACTCAT-1,◯,,10,33
TGAGAGGGTCAGATAA-1,◯,,10,33
TGAGAGGGTCGAAAGC-1,◯,,10,33
TGAGCATCACTTAACG-1,◯,,10,33
TGAGCCGAGGGTGTGT-1,◯,,10,33
TGAGCCGCACTTAAGC-1,◯,,10,33
TGAGCCGCATGACGGA-1,◯,,10,33
TGAGGGAAGAATGTTG-1,◯,,10,33
TGAGGGAAGATGGGTC-1,◯,,10,33
TGAGGGAGTGATGTCT-1,◯,,10,33
TGAGGGAGTTGATTCG-1,◯,,10,33
TGAGGGATCACGCGGT-1,◯,,10,33
TGAGGGATCTCAAACG-1,◯,,10,33
TGATTTCCAGGACCCT-1,◯,,10,33
TGATTTCTCCAGAGGA-1,◯,,10,33
TGCACCTAGAATTCCC-1,◯,,10,33
TGCACCTAGAGACTTA-1,◯,,10,33
TGCACCTAGAGTCTGG-1,◯,,10,33
TGCACCTAGGGAACGG-1,◯,,10,33
TGCACCTAGTCGTACT-1,◯,,10,33
TGCACCTCATGAAGTA-1,◯,,10,33
TGCACCTGTAAACGCG-1,◯,,10,33
TGCACCTGTCTCCATC-1,◯,,10,33
TGCACCTTCATTGCCC-1,◯,,10,33
TGCACCTTCCAGATCA-1,◯,,10,33
TGCACCTTCTGGCGAC-1,◯,,10,33
TGCCAAAAGGAGTTTA-1,◯,,10,33
TGCCAAACAAAGGTGC-1,◯,,10,33
TGCCAAACAAGTTGTC-1,◯,,10,33
TGCCAAACATTGGTAC-1,◯,,10,33
TGCCAAATCAAGGTAA-1,◯,,10,33
TGCCAAATCACCGTAA-1,◯,,10,33
TGCCAAATCGGAAACG-1,◯,,10,33
TGCCCATAGCTAGGCA-1,◯,,10,33
TGCCCATAGCTCTCGG-1,◯,,10,33
TGCCCATAGGTGGGTT-1,◯,,10,33
TGCCCATAGTCTCAAC-1,◯,,10,33
TGCCCATCAAGCCCAC-1,◯,,10,33
TGCCCATCAATAGCAA-1,◯,,10,33
TGCCCATCACGCTTTC-1,◯,,10,33
TGCCCATGTCTTCTCG-1,◯,,10,33
TGCCCATTCCTTGCCA-1,◯,,10,33
TGCCCATTCGACGGAA-1,◯,,10,33
TGCCCTAAGGTGATTA-1,◯,,10,33
TGCCCTACATGCTAGT-1,◯,,10,33
TGCCCTACATGTAAGA-1,◯,,10,33
TGCCCTATCCACTCCA-1,◯,,10,33
TGCCCTATCGCCGTGA-1,◯,,10,33
TGCCCTATCTGCAAGT-1,◯,,10,33
TGCGCAGGTAAATACG-1,◯,,10,33
TGCGCAGGTTATGTGC-1,◯,,10,33
TGCGCAGTCGAGAACG-1,◯,,10,33
TGCGCAGTCGAGCCCA-1,◯,,10,33
TGCGGGTCATCTGGTA-1,◯,,10,33
TGCGGGTTCAGCGACC-1,◯,,10,33
TGCGTGGAGAAGAAGC-1,◯,,10,33
TGCGTGGCACTTCGAA-1,◯,,10,33
TGCGTGGCAGACGCTC-1,◯,,10,33
TGCGTGGGTAGCGTCC-1,◯,,10,33
TGCGTGGGTAGGAGTC-1,◯,,10,33
TGCGTGGGTCTAGAGG-1,◯,,10,33
TGCGTGGGTGACTCAT-1,◯,,10,33
TGCGTGGGTGATGTCT-1,◯,,10,33
TGCGTGGTCGTTTAGG-1,◯,,10,33
TGCTACCAGATGTTAG-1,◯,,10,33
TGCTACCAGTTAACGA-1,◯,,10,33
TGCTACCGTGAGGGAG-1,◯,,10,33
TGCTACCGTGCACCAC-1,◯,,10,33
TGCTACCGTGGCTCCA-1,◯,,10,33
TGCTACCTCAGTTGAC-1,◯,,10,33
TGCTGCTAGAAGGTGA-1,◯,,10,33
TGCTGCTAGCGTGTCC-1,◯,,10,33
TGCTGCTAGTGGTCCC-1,◯,,10,33
TGCTGCTGTCGAAAGC-1,◯,,10,33
TGCTGCTGTGGCGAAT-1,◯,,10,33
TGCTGCTTCGCTGATA-1,◯,,10,33
TGGACGCAGAGCTGGT-1,◯,,10,33
TGGACGCAGATCCGAG-1,◯,,10,33
TGGACGCGTCGATTGT-1,◯,,10,33
TGGACGCGTCTCTCTG-1,◯,,10,33
TGGACGCTCATTTGGG-1,◯,,10,33
TGGACGCTCCGCTGTT-1,◯,,10,33
TGGACGCTCCTATGTT-1,◯,,10,33
TGGCCAGAGAGAACAG-1,◯,,10,33
TGGCCAGAGCTAAACA-1,◯,,10,33
TGGCCAGCAGGGTTAG-1,◯,,10,33
TGGCCAGGTTACGCGC-1,◯,,10,33
TGGCCAGTCGTGACAT-1,◯,,10,33
TGGCGCAAGGGATGGG-1,◯,,10,33
TGGCGCAGTAAGCACG-1,◯,,10,33
TGGCGCAGTTAGATGA-1,◯,,10,33
TGGCGCAGTTTACTCT-1,◯,,10,33
TGGCGCATCGATGAGG-1,◯,,10,33
TGGCTGGAGAGACTTA-1,◯,,10,33
TGGCTGGAGGCAATTA-1,◯,,10,33
TGGCTGGCAGGGTTAG-1,◯,,10,33
TGGCTGGCAGTAACGG-1,◯,,10,33
TGGCTGGGTCTTCGTC-1,◯,,10,33
TGGCTGGTCAGGCGAA-1,◯,,10,33
TGGCTGGTCTAACCGA-1,◯,,10,33
TGGCTGGTCTACTTAC-1,◯,,10,33
TGGCTGGTCTTTACAC-1,◯,,10,33
TGGGAAGCAAGAAGAG-1,◯,,10,33
TGGGAAGCATATACCG-1,◯,,10,33
TGGGAAGTCAACCAAC-1,◯,,10,33
TGGGAAGTCTCAAACG-1,◯,,10,33
TGGGCGTAGTCCAGGA-1,◯,,10,33
TGGGCGTCACTTAACG-1,◯,,10,33
TGGGCGTGTAAACACA-1,◯,,10,33
TGGGCGTGTACAGTGG-1,◯,,10,33
TGGGCGTGTCCTAGCG-1,◯,,10,33
TGGGCGTGTGTTCTTT-1,◯,,10,33
TGGGCGTTCCCGGATG-1,◯,,10,33
TGGGCGTTCTGCAGTA-1,◯,,10,33
TGGTTAGAGGGCATGT-1,◯,,10,33
TGGTTAGCACCATCCT-1,◯,,10,33
TGGTTAGGTATTAGCC-1,◯,,10,33
TGGTTAGGTTAAGAAC-1,◯,,10,33
TGGTTAGGTTGTTTGG-1,◯,,10,33
TGGTTCCAGCCATCGC-1,◯,,10,33
TGGTTCCCAAGCCTAT-1,◯,,10,33
TGGTTCCCACCCAGTG-1,◯,,10,33
TGGTTCCCACGACTCG-1,◯,,10,33
TGGTTCCGTTCTCATT-1,◯,,10,33
TGGTTCCTCACAGTAC-1,◯,,10,33
TGGTTCCTCTTCATGT-1,◯,,10,33
TGTATTCAGCGTGAAC-1,◯,,10,33
TGTATTCAGGTTACCT-1,◯,,10,33
TGTATTCCATGCTGGC-1,◯,,10,33
TGTATTCGTGACTCAT-1,◯,,10,33
TGTATTCTCCAAACAC-1,◯,,10,33
TGTATTCTCGTTTAGG-1,◯,,10,33
TGTATTCTCTCAAACG-1,◯,,10,33
TGTCCCAAGACTAGAT-1,◯,,10,33
TGTCCCAAGACTTGAA-1,◯,,10,33
TGTCCCAAGTGCGATG-1,◯,,10,33
TGTCCCACACAGACTT-1,◯,,10,33
TGTCCCACAGGATTGG-1,◯,,10,33
TGTCCCACAGTACACT-1,◯,,10,33
TGTCCCACATAGTAAG-1,◯,,10,33
TGTCCCAGTCATCCCT-1,◯,,10,33
TGTCCCATCGTTACAG-1,◯,,10,33
TGTCCCATCTAGCACA-1,◯,,10,33
TGTGGTAAGTCAAGGC-1,◯,,10,33
TGTGGTATCAAGGCTT-1,◯,,10,33
TGTGGTATCCTCAACC-1,◯,,10,33
TGTGGTATCTTCTGGC-1,◯,,10,33
TGTGTTTAGAGGTTGC-1,◯,,10,33
TGTGTTTAGGACGAAA-1,◯,,10,33
TGTGTTTAGTGGGCTA-1,◯,,10,33
TGTGTTTCAGTCAGCC-1,◯,,10,33
TGTGTTTCATGTAGTC-1,◯,,10,33
TGTGTTTGTGAAAGAG-1,◯,,10,33
TGTGTTTTCGATCCCT-1,◯,,10,33
TGTGTTTTCTCCGGTT-1,◯,,10,33
TGTGTTTTCTTGTCAT-1,◯,,10,33
TGTTCCGAGACGCTTT-1,◯,,10,33
TGTTCCGAGATTACCC-1,◯,,10,33
TTAACTCCAAGCCGTC-1,◯,,10,33
TTAACTCCAAGCGAGT-1,◯,,10,33
TTAACTCGTAGCCTCG-1,◯,,10,33
TTAACTCGTTCGCGAC-1,◯,,10,33
TTAACTCTCCGTAGGC-1,◯,,10,33
TTAACTCTCTCGCATC-1,◯,,10,33
TTAGGACAGCGATATA-1,◯,,10,33
TTAGGACAGCGTAATA-1,◯,,10,33
TTAGGACGTCGCTTTC-1,◯,,10,33
TTAGGACTCACATAGC-1,◯,,10,33
TTAGGACTCTTTACAC-1,◯,,10,33
TTAGTTCAGGGATACC-1,◯,,10,33
TTAGTTCAGTGTGAAT-1,◯,,10,33
TTAGTTCCAGACAAAT-1,◯,,10,33
TTAGTTCCATGCCACG-1,◯,,10,33
TTAGTTCGTCTGGAGA-1,◯,,10,33
TTAGTTCTCAACGGGA-1,◯,,10,33
TTAGTTCTCGCCTGAG-1,◯,,10,33
TTATGCTAGTGGTAGC-1,◯,,10,33
TTATGCTGTACCGAGA-1,◯,,10,33
TTATGCTGTCTGATCA-1,◯,,10,33
TTATGCTGTCTTGATG-1,◯,,10,33
TTATGCTGTGCACCAC-1,◯,,10,33
TTATGCTTCCAAAGTC-1,◯,,10,33
TTCCCAGAGGCTCATT-1,◯,,10,33
TTCCCAGAGTGTCCAT-1,◯,,10,33
TTCCCAGCAATCCGAT-1,◯,,10,33
TTCCCAGCAGTCCTTC-1,◯,,10,33
TTCCCAGGTGATGCCC-1,◯,,10,33
TTCCCAGGTGTGTGCC-1,◯,,10,33
TTCCCAGGTTACGTCA-1,◯,,10,33
TTCCCAGTCGGAATCT-1,◯,,10,33
TTCGAAGAGTAGTGCG-1,◯,,10,33
TTCGAAGCAGGAATCG-1,◯,,10,33
TTCGAAGCAGGGTACA-1,◯,,10,33
TTCGAAGCATATGCTG-1,◯,,10,33
TTCGAAGTCAGGTTCA-1,◯,,10,33
TTCGAAGTCTCTTGAT-1,◯,,10,33
TTCGGTCAGAAGAAGC-1,◯,,10,33
TTCGGTCAGGTACTCT-1,◯,,10,33
TTCGGTCCAACACCTA-1,◯,,10,33
TTCGGTCCATGACATC-1,◯,,10,33
TTCGGTCGTCCGAATT-1,◯,,10,33
TTCTACAAGACTAGGC-1,◯,,10,33
TTCTACAAGATAGGAG-1,◯,,10,33
TTCTACAAGCCGATTT-1,◯,,10,33
TTCTACAGTCTAGGTT-1,◯,,10,33
TTCTACAGTCTAGTCA-1,◯,,10,33
TTCTACAGTTCAGTAC-1,◯,,10,33
TTCTACATCAACGAAA-1,◯,,10,33
TTCTCAAAGACTCGGA-1,◯,,10,33
TTCTCAAAGCGATTCT-1,◯,,10,33
TTCTCAACAAAGCAAT-1,◯,,10,33
TTCTCAAGTGCACGAA-1,◯,,10,33
TTCTCCTAGATCCCGC-1,◯,,10,33
TTCTCCTCAAACAACA-1,◯,,10,33
TTCTCCTCATCATCCC-1,◯,,10,33
TTCTCCTGTGCAACGA-1,◯,,10,33
TTCTCCTTCCGCATCT-1,◯,,10,33
TTCTCCTTCTGTACGA-1,◯,,10,33
TTCTTAGCAATAACGA-1,◯,,10,33
TTCTTAGCACATGTGT-1,◯,,10,33
TTCTTAGCACCCAGTG-1,◯,,10,33
TTCTTAGCATACGCTA-1,◯,,10,33
TTCTTAGGTTCGGGCT-1,◯,,10,33
TTGAACGAGGATGGAA-1,◯,,10,33
TTGAACGCAAGTCTAC-1,◯,,10,33
TTGAACGGTTCAACCA-1,◯,,10,33
TTGAACGTCAACACTG-1,◯,,10,33
TTGAACGTCACCCGAG-1,◯,,10,33
TTGAACGTCCTCATTA-1,◯,,10,33
TTGAACGTCTCGTTTA-1,◯,,10,33
TTGACTTAGCTTTGGT-1,◯,,10,33
TTGACTTAGGGATACC-1,◯,,10,33
TTGACTTCAATACGCT-1,◯,,10,33
TTGACTTGTTGGTTTG-1,◯,,10,33
TTGACTTTCTGTTTGT-1,◯,,10,33
TTGCCGTAGCTGCGAA-1,◯,,10,33
TTGCCGTCACTAGTAC-1,◯,,10,33
TTGCCGTCATGCAATC-1,◯,,10,33
TTGCCGTCATTGGCGC-1,◯,,10,33
TTGCCGTTCGAATGGG-1,◯,,10,33
TTGCCGTTCGGTCCGA-1,◯,,10,33
TTGCCGTTCGTTGACA-1,◯,,10,33
TTGCCGTTCTTGAGGT-1,◯,,10,33
TTGCGTCAGTCTTGCA-1,◯,,10,33
TTGCGTCCAACACCTA-1,◯,,10,33
TTGCGTCCAGCAGTTT-1,◯,,10,33
TTGCGTCCAGCATGAG-1,◯,,10,33
TTGCGTCCAGTGGAGT-1,◯,,10,33
TTGCGTCTCACTTACT-1,◯,,10,33
TTGGAACAGAAGGCCT-1,◯,,10,33
TTGGAACAGATGGGTC-1,◯,,10,33
TTGGAACGTGCCTGGT-1,◯,,10,33
TTGGAACGTGTGCGTC-1,◯,,10,33
TTGGCAAAGCCGGTAA-1,◯,,10,33
TTGGCAAAGTTTAGGA-1,◯,,10,33
TTGGCAACAAAGGCGT-1,◯,,10,33
TTGGCAACAAGGTTTC-1,◯,,10,33
TTGGCAACACCTCGTT-1,◯,,10,33
TTGGCAAGTACTTAGC-1,◯,,10,33
TTGGCAATCAGCATGT-1,◯,,10,33
TTGTAGGAGCTAGGCA-1,◯,,10,33
TTGTAGGAGTGAACAT-1,◯,,10,33
TTGTAGGAGTTTGCGT-1,◯,,10,33
TTGTAGGGTCAGAATA-1,◯,,10,33
TTGTAGGTCCCAAGAT-1,◯,,10,33
TTTACTGAGGTGATAT-1,◯,,10,33
TTTACTGCATGTTCCC-1,◯,,10,33
TTTACTGGTAGTAGTA-1,◯,,10,33
TTTACTGTCGCCAAAT-1,◯,,10,33
TTTATGCAGGACAGAA-1,◯,,10,33
TTTATGCAGTCGAGTG-1,◯,,10,33
TTTATGCCATGCTGGC-1,◯,,10,33
TTTATGCGTGCATCTA-1,◯,,10,33
TTTATGCGTTGCCTCT-1,◯,,10,33
TTTCCTCTCGAGAACG-1,◯,,10,33
TTTGCGCAGACAGGCT-1,◯,,10,33
TTTGCGCAGCGCCTCA-1,◯,,10,33
TTTGCGCAGTGTCCCG-1,◯,,10,33
TTTGCGCTCATCGATG-1,◯,,10,33
TTTGCGCTCCATGCTC-1,◯,,10,33
TTTGGTTAGTAGGCCA-1,◯,,10,33
TTTGGTTAGTGGAGTC-1,◯,,10,33
TTTGGTTCACCGGAAA-1,◯,,10,33
TTTGGTTCATCATCCC-1,◯,,10,33
TTTGGTTGTGTGGTTT-1,◯,,10,33
TTTGGTTGTTAAGATG-1,◯,,10,33
TTTGGTTGTTCATGGT-1,◯,,10,33
TTTGGTTGTTCGCTAA-1,◯,,10,33
TTTGGTTTCGCCATAA-1,◯,,10,33
TTTGTCAAGCTCAACT-1,◯,,10,33
TTTGTCAAGGCTATCT-1,◯,,10,33
TTTGTCACAGTCACTA-1,◯,,10,33
TTTGTCACATACGCCG-1,◯,,10,33
TTTGTCACATTCCTGC-1,◯,,10,33
TTTGTCAGTATTCTCT-1,◯,,10,33
TTTGTCAGTCTTGCGG-1,◯,,10,33
TTTGTCAGTGTAATGA-1,◯,,10,33
TTTGTCATCCCAAGAT-1,◯,,10,33
TTTGTCATCCTGCTTG-1,◯,,10,33
