cdrh3,cdrl3
CARRVATKPVYCFDYW,CLQDYNYPLTF
CARRVATKPVYCFDYW,CLQDYNYPLTF
CARRVATKPVYCFDYW,CLQDYNYPLTF
CARRVATKPVYCFDYW,CLQDYNYPLTF
CARRVATKPVYCFDYW,CLQDYNYPLTF
CARRVATKPVYCFDYW,CLQDYNYPLTF
CARRVATKPVYCFDYW,CLQDYNYPLTF
CARRVATKPVYCFDYW,CLQDYNYPLTF
CARRVATKPVYCFDYW,CLQDYNYPLTF
CARRVATKPVYCFDYW,CLQDYNYPLTF
CARRVATKPVYCFDYW,CLQDYNYPLTF
CARRVATKPVYCFDYW,CLQDYNYPLTF
CARRVATKPVYCFDYW,CLQDYNYPLTF
CARRVATKPVYCFDYW,CLQDYNYPLTF
CARRVATRPMYGFDYW,CLQDYDYPLTF
CARRVATRPMYGFDYW,CLQDYDYPLTF
CARRVATRPMYGFDYW,CLQDYDYPLTF
CARRVATRPMYGFDYW,CLQDYDYPLTF
CARRVATRPMYGFDYW,CLQDYDYPLTF
CARRVATRPMYGFDYW,CLQDYDYPLTF
CARRVATKPMYCFDSW,CLQDYDYPLTF
CARRVATKPMYCFDSW,CLQDYDYPLTF
CARRVATKPMYCFDSW,CLQDYDYPLTF
CARRVATKPMYCFDSW,CLQDYDYPLTF
CARRVATKPMYCFDYW,CLQDYNYPLTF
CARRVATKPMYCFDYW,CLQDYNYPLTF
CARRVATKPMYCFDYW,CLQDYNYPLTF
CARRVATKPIYCFDSW,CLQDYDYPLTF
CARRVATKPIYCFDSW,CLQDYDYPLTF
CARRVATKPIYCFDSW,CLQDYDYPLTF
CARRVATKPIYCFDSW,CLQDYDYPLTF
CARRVATKPIYCFDSW,CLQDYDYPLTF
CARRVATKPIYCFDSW,CLQDYDYPLTF
CARRVATKPIYCFDSW,CLQDYDYPLTF
CARRVATKPIYCFDSW,CLQDYDYPLTF
CARRVATKPMYFFDYW,CLQDYNYPQTF
CARRVATKPMYFFDYW,CLQDYNYPQTF
CARRVATKPMYCFDYW,CLQDYNYPLTF
CARRVATKPMYCFDYW,CLQDYNYPLTF
CARRVATKPIYCFDYW,CLQDYNYPLTF
CARRVATKPIYCFDYW,CLQDYNYPLTF
CARRVATRPMYGFDYW,CLQDYDYPLTF
CARRVATRPMYGFDYW,CLQDYDYPLTF
CARRVATKPMYCFDTW,CLQDYDYPLTF
CARRVATNPMYCFDFW,CLQDYNYPLTF
CARRVATKPIYCFDYW,CLQDNNYPLTF
CARRVATKPMYCFDTW,CLQDYNYPLTF
CARRVATKPIYCFDSW,CLQDWDYPLTF
CARRVATKPMYAFDTW,CLQDYNYPLTF
CARRVATKPIYCFDSW,CLQDYDYPLTF
CARRVATNPMYCFDFW,CLQDYNYPLTF
CARRVATNPKYCFDYW,CLQDYDYPLTF
CARRVATKPMYCFDTW,CLQDYSYPLTF
CARRVATRPVYCFDSW,CLQDYDYPLTF
CARRVATNPMYCFDYW,CLQDYRYPLTF
CARRVATKPIYCFDSW,CLQDYDYPLTF
CARRVATSPMYCFDYW,CLQDYSYPLTF
CARRVATKPMYGFDFW,CLQDYDYPLTF
CARRVATKPIYCFDSW,CLQDYDYPLTF
CARRVATRPMYGFDNW,CLQDYDYPLTF
CARRVATKPVYCFDHW,CLQDYNYPLTF
CARRVATKPIYCFDSW,CLQDYDYPLTF
CARRVATKPIYCFDSW,CLQDYDYPLTF
CARRVATNPMYCFDNW,CLQDYDYPLTF
CVRRVTTKPMYCFDHW,CLQDYTYPLTF
CARRVATKPMYCFDYW,CLQDYNYPLTF
CARRVATNPVYCFDYW,CLQDYNYPLTF
CARRVATKPIYCFDNW,CLQDYDYPLTF
CARRVTTKPMYCFDHW,CLQDYTYPLTF
CARRVATKPMYAFDTW,CLQDYSYPLTF
CARRVATKPMYCFDTW,CLQDYSYPLTF
CARRVATKPVYCFDCW,CLQDYTYPLTF
CARRVAVRPVYAFDIW,CLQDYDYPLTF
CARRVAVRPVYAFDIW,CLQDYDYPLTF
CARRVAVRPVYAFDIW,CLQDYDYPLTF
CARRVAVRPVYAFDIW,CLQDYDYPLTF
CARRVAVRPVYAFDIW,CLQDYDYPLTF
CARRVAVRPVYAFDIW,CLQDYDYPLTF
CARRVAVRPVYAFDIW,CLQDYDYPLTF
CARRVAVRPVYAFDIW,CLQDYDYPLTF
CARRVAVRPVYAFDIW,CLQDYDYPLTF
CARRVAVRPVYAFDIW,CLQDYDYPLTF
CARRVAVRPVYAFDIW,CLQDYDYPLTF
CARRIAVRPIYAFDMW,CLQDYNYPLTF
CARRIAARPIYAFDMW,CLQDYNYPLTF
CARRIAARPVYAFDIW,CLQDYNYPLTF
CVRRVAVRPVYAFDIW,CLQDYDYPLTF
CARRVAVRPVYAFDIW,CLQDYYYPLTF
CARRIAARPVYAFDFW,CLQDYNYPLTF
CARRVAVRPVYAFDIW,CLQDYDYPLTF
CARRVAARPVYAFDIW,CLQDYNYPLTF
CARRVAVRPVYSFDIW,CLQDYDYPLTF
CARRVAVRPVYAFDIW,CLQDYDYPLTF
CARRVAVRPVYAFDIW,CLQDYDYPLTF
CARRVAVRPVYAFDIW,CLQDYDYPLTF
CARRLASKPKYFFDYW,CLQDYNYPLTF
CARRLASKPKYFFDYW,CLQDYNYPLTF
CARRLASKPKYFFDYW,CLQDYNYPLTF
CARRLASKPKYFFDYW,CLQDYNYPLTF
CARRLASKPKYFFDYW,CLQDYNYPLTF
CARRLATNPKYFFDYW,CLQDYDYPLTF
CARRLATNPKYFFDYW,CLQDYDYPLTF
CARRLATNPKYFFDFW,CLQDYDYPLTF
CARRLAVNPKYYFDYW,CLQDYSYPLTF
CARRLATNPKYFFDYW,CLQDYDYPLTF
CARRLASKPKYFFDYW,CLQDYDYPLTF
CARRLATNPKYFFDFW,CLQDYDYPLTF
CARRLATKPKYFFDYW,CLQDYNYPLTF
CARRLASKPKYFFDYW,CLQDYDYPLTF
CARRLATNPKYYFDYW,CLQDYSYPLTF
CARRLATKPKYFFDYW,CLQDYDYPLTF
CARRLASKPKYFFDYW,CLQDYDYPLTF
CARRLASKPKYFFDYW,CLQDYSYPLTF
CARRLAAKPKYYFDYW,CLQDYSYPLTF
CARRLAVNPKYFFDYW,CLQDYSYPLTF
CARRVAVKPVYAFDIW,CLQDFSYPLTF
CARRVATRPVYAFDIW,CLQDFSYPLTF
CARRIATRPVYAFDIW,CLQDFSYPLTF
CARRIATRPVYAFDIW,CLQDFSYPLTF
CARRVAVAPQYSFDYW,CLQDYNYPLTF
CARRVAVAPQYSFDYW,CLQDYNYPLTF
CARRVAIAPQYSFDYW,CLQDYSYPLTF
CARRVATNPRYAFDIW,CLQDFDYPLTF
CARRVATSPRYGFDIW,CLQDYDYPLTF
CARRVATNPRYGFDIW,CLQDYDYPLTF
CARRIAARPVYAFDIW,CLQDYDYPLTF
CARRVASRPVYAFDIW,CLQDFNYPLTF
CARRYASKPNYYFDYW,CLQDYSYPLTF
CARRIAVRPVYGFDIW,CLQDYIYPLTF
CARRFTTNPKYCFDYW,CLQDFDYPLTF
CARRVAVRPQYAFDIW,CLQDYDYPLTF
CARRVAVRPVYAFDVW,CLQDYSYPLTF
CTRRVAINPRYYFDFW,CLQDYDYPLTF
CARRVAINPRYYFDYW,CLQDYDYPLTF
CARRVATKPIYCYDSW,CHQDFDYPLTF
CARRIAVRPIYAFDIW,CLQDYSYPLTF
CARRTAVRPVYAFDFW,CLQDYNYPLTF
